Year,Month,Country,Visitor Arrivals
2019,1,South Korea,440689
2019,1,China,430624
2019,1,Taiwan,469003
2019,1,Hong Kong,130526
2019,1,Thailand,141223
2019,1,United States,147807
2019,1,Australia,41672
2019,1,United Kingdom,49159
2019,1,France,43161
2019,1,Germany,43222
2019,1,Vietnam,46925
2019,1,Philippines,47271
2019,1,Singapore,46119
2019,1,Malaysia,44616
2019,1,Indonesia,46187
2019,1,Canada,41423
2019,1,Italy,47524
2019,1,Spain,48246
2019,1,Russia,46798
2019,1,India,46201
2019,2,South Korea,459964
2019,2,China,483085
2019,2,Taiwan,444485
2019,2,Hong Kong,123026
2019,2,Thailand,132722
2019,2,United States,136864
2019,2,Australia,48324
2019,2,United Kingdom,49283
2019,2,France,46320
2019,2,Germany,41974
2019,2,Vietnam,48317
2019,2,Philippines,48400
2019,2,Singapore,46716
2019,2,Malaysia,40596
2019,2,Indonesia,43820
2019,2,Canada,48083
2019,2,Italy,48269
2019,2,Spain,48199
2019,2,Russia,46150
2019,2,India,44574
2019,3,South Korea,529652
2019,3,China,525723
2019,3,Taiwan,530862
2019,3,Hong Kong,144012
2019,3,Thailand,139975
2019,3,United States,141796
2019,3,Australia,47251
2019,3,United Kingdom,50602
2019,3,France,52854
2019,3,Germany,53102
2019,3,Vietnam,51972
2019,3,Philippines,50020
2019,3,Singapore,45753
2019,3,Malaysia,47375
2019,3,Indonesia,49517
2019,3,Canada,46474
2019,3,Italy,51513
2019,3,Spain,50070
2019,3,Russia,47088
2019,3,India,46708
2019,4,South Korea,623850
2019,4,China,667403
2019,4,Taiwan,675049
2019,4,Hong Kong,189016
2019,4,Thailand,210838
2019,4,United States,201979
2019,4,Australia,61917
2019,4,United Kingdom,60439
2019,4,France,69128
2019,4,Germany,62113
2019,4,Vietnam,58797
2019,4,Philippines,68111
2019,4,Singapore,70385
2019,4,Malaysia,65772
2019,4,Indonesia,65137
2019,4,Canada,62454
2019,4,Italy,61462
2019,4,Spain,60513
2019,4,Russia,66813
2019,4,India,62388
2019,5,South Korea,452424
2019,5,China,546938
2019,5,Taiwan,543542
2019,5,Hong Kong,140520
2019,5,Thailand,164672
2019,5,United States,140691
2019,5,Australia,47506
2019,5,United Kingdom,49282
2019,5,France,51061
2019,5,Germany,45838
2019,5,Vietnam,47722
2019,5,Philippines,54845
2019,5,Singapore,49705
2019,5,Malaysia,48428
2019,5,Indonesia,49681
2019,5,Canada,52525
2019,5,Italy,48764
2019,5,Spain,52406
2019,5,Russia,46671
2019,5,India,52856
2019,6,South Korea,532478
2019,6,China,476577
2019,6,Taiwan,528538
2019,6,Hong Kong,136372
2019,6,Thailand,146223
2019,6,United States,163712
2019,6,Australia,50622
2019,6,United Kingdom,47206
2019,6,France,47487
2019,6,Germany,46104
2019,6,Vietnam,49408
2019,6,Philippines,47474
2019,6,Singapore,48004
2019,6,Malaysia,49748
2019,6,Indonesia,45289
2019,6,Canada,48358
2019,6,Italy,52882
2019,6,Spain,48777
2019,6,Russia,49441
2019,6,India,48995
2019,7,South Korea,498212
2019,7,China,535046
2019,7,Taiwan,485053
2019,7,Hong Kong,164834
2019,7,Thailand,139284
2019,7,United States,138106
2019,7,Australia,49871
2019,7,United Kingdom,52789
2019,7,France,49791
2019,7,Germany,51378
2019,7,Vietnam,49861
2019,7,Philippines,54720
2019,7,Singapore,54618
2019,7,Malaysia,46187
2019,7,Indonesia,52435
2019,7,Canada,54308
2019,7,Italy,47482
2019,7,Spain,49954
2019,7,Russia,46105
2019,7,India,54855
2019,8,South Korea,529006
2019,8,China,511510
2019,8,Taiwan,534580
2019,8,Hong Kong,158228
2019,8,Thailand,152498
2019,8,United States,164104
2019,8,Australia,55541
2019,8,United Kingdom,59995
2019,8,France,52773
2019,8,Germany,53127
2019,8,Vietnam,51486
2019,8,Philippines,57103
2019,8,Singapore,55899
2019,8,Malaysia,54536
2019,8,Indonesia,51609
2019,8,Canada,51062
2019,8,Italy,55071
2019,8,Spain,57905
2019,8,Russia,50621
2019,8,India,55467
2019,9,South Korea,488551
2019,9,China,514141
2019,9,Taiwan,483671
2019,9,Hong Kong,151109
2019,9,Thailand,140068
2019,9,United States,155911
2019,9,Australia,45326
2019,9,United Kingdom,49314
2019,9,France,51680
2019,9,Germany,45808
2019,9,Vietnam,53514
2019,9,Philippines,45492
2019,9,Singapore,48183
2019,9,Malaysia,46299
2019,9,Indonesia,51263
2019,9,Canada,48590
2019,9,Italy,50852
2019,9,Spain,50631
2019,9,Russia,52175
2019,9,India,46505
2019,10,South Korea,495726
2019,10,China,459552
2019,10,Taiwan,470133
2019,10,Hong Kong,157771
2019,10,Thailand,144687
2019,10,United States,144435
2019,10,Australia,49406
2019,10,United Kingdom,47626
2019,10,France,46098
2019,10,Germany,47566
2019,10,Vietnam,48032
2019,10,Philippines,49769
2019,10,Singapore,53568
2019,10,Malaysia,49839
2019,10,Indonesia,54102
2019,10,Canada,46126
2019,10,Italy,54096
2019,10,Spain,49367
2019,10,Russia,48829
2019,10,India,51877
2019,11,South Korea,662156
2019,11,China,681588
2019,11,Taiwan,706291
2019,11,Hong Kong,188096
2019,11,Thailand,197266
2019,11,United States,198982
2019,11,Australia,67614
2019,11,United Kingdom,67529
2019,11,France,69008
2019,11,Germany,65183
2019,11,Vietnam,66680
2019,11,Philippines,70570
2019,11,Singapore,64960
2019,11,Malaysia,59214
2019,11,Indonesia,61471
2019,11,Canada,60080
2019,11,Italy,68635
2019,11,Spain,60477
2019,11,Russia,68695
2019,11,India,70553
2019,12,South Korea,469448
2019,12,China,482602
2019,12,Taiwan,461982
2019,12,Hong Kong,143758
2019,12,Thailand,143225
2019,12,United States,162175
2019,12,Australia,47008
2019,12,United Kingdom,52413
2019,12,France,48412
2019,12,Germany,51838
2019,12,Vietnam,54275
2019,12,Philippines,53248
2019,12,Singapore,46334
2019,12,Malaysia,48609
2019,12,Indonesia,50842
2019,12,Canada,54035
2019,12,Italy,50511
2019,12,Spain,47974
2019,12,Russia,54078
2019,12,India,45871
2020,1,South Korea,455677
2020,1,China,436320
2020,1,Taiwan,460414
2020,1,Hong Kong,136492
2020,1,Thailand,134486
2020,1,United States,141713
2020,1,Australia,49203
2020,1,United Kingdom,44916
2020,1,France,45907
2020,1,Germany,44877
2020,1,Vietnam,42132
2020,1,Philippines,48961
2020,1,Singapore,43780
2020,1,Malaysia,47246
2020,1,Indonesia,42144
2020,1,Canada,44055
2020,1,Italy,48562
2020,1,Spain,42739
2020,1,Russia,48294
2020,1,India,41033
2020,2,South Korea,478055
2020,2,China,480495
2020,2,Taiwan,451591
2020,2,Hong Kong,124982
2020,2,Thailand,144774
2020,2,United States,141901
2020,2,Australia,49152
2020,2,United Kingdom,46409
2020,2,France,42059
2020,2,Germany,40785
2020,2,Vietnam,47655
2020,2,Philippines,47704
2020,2,Singapore,49365
2020,2,Malaysia,45262
2020,2,Indonesia,44639
2020,2,Canada,40974
2020,2,Italy,46120
2020,2,Spain,41512
2020,2,Russia,48297
2020,2,India,48377
2020,3,South Korea,5227
2020,3,China,5314
2020,3,Taiwan,5186
2020,3,Hong Kong,1523
2020,3,Thailand,1476
2020,3,United States,1374
2020,3,Australia,520
2020,3,United Kingdom,492
2020,3,France,510
2020,3,Germany,502
2020,3,Vietnam,502
2020,3,Philippines,531
2020,3,Singapore,525
2020,3,Malaysia,483
2020,3,Indonesia,474
2020,3,Canada,472
2020,3,Italy,535
2020,3,Spain,454
2020,3,Russia,481
2020,3,India,542
2020,4,South Korea,5964
2020,4,China,6457
2020,4,Taiwan,7119
2020,4,Hong Kong,2078
2020,4,Thailand,1993
2020,4,United States,1905
2020,4,Australia,637
2020,4,United Kingdom,713
2020,4,France,597
2020,4,Germany,605
2020,4,Vietnam,614
2020,4,Philippines,698
2020,4,Singapore,692
2020,4,Malaysia,683
2020,4,Indonesia,698
2020,4,Canada,655
2020,4,Italy,633
2020,4,Spain,688
2020,4,Russia,693
2020,4,India,622
2020,5,South Korea,5485
2020,5,China,5479
2020,5,Taiwan,5424
2020,5,Hong Kong,1436
2020,5,Thailand,1394
2020,5,United States,1533
2020,5,Australia,525
2020,5,United Kingdom,492
2020,5,France,540
2020,5,Germany,493
2020,5,Vietnam,521
2020,5,Philippines,523
2020,5,Singapore,508
2020,5,Malaysia,524
2020,5,Indonesia,508
2020,5,Canada,463
2020,5,Italy,458
2020,5,Spain,469
2020,5,Russia,509
2020,5,India,524
2020,6,South Korea,5096
2020,6,China,4520
2020,6,Taiwan,4679
2020,6,Hong Kong,1476
2020,6,Thailand,1606
2020,6,United States,1632
2020,6,Australia,460
2020,6,United Kingdom,467
2020,6,France,452
2020,6,Germany,462
2020,6,Vietnam,474
2020,6,Philippines,455
2020,6,Singapore,499
2020,6,Malaysia,507
2020,6,Indonesia,523
2020,6,Canada,462
2020,6,Italy,497
2020,6,Spain,465
2020,6,Russia,474
2020,6,India,520
2020,7,South Korea,4943
2020,7,China,4764
2020,7,Taiwan,4880
2020,7,Hong Kong,1353
2020,7,Thailand,1638
2020,7,United States,1456
2020,7,Australia,532
2020,7,United Kingdom,540
2020,7,France,507
2020,7,Germany,483
2020,7,Vietnam,543
2020,7,Philippines,542
2020,7,Singapore,471
2020,7,Malaysia,529
2020,7,Indonesia,450
2020,7,Canada,490
2020,7,Italy,534
2020,7,Spain,460
2020,7,Russia,473
2020,7,India,471
2020,8,South Korea,5623
2020,8,China,5825
2020,8,Taiwan,5031
2020,8,Hong Kong,1485
2020,8,Thailand,1543
2020,8,United States,1561
2020,8,Australia,603
2020,8,United Kingdom,577
2020,8,France,549
2020,8,Germany,550
2020,8,Vietnam,582
2020,8,Philippines,547
2020,8,Singapore,533
2020,8,Malaysia,551
2020,8,Indonesia,600
2020,8,Canada,538
2020,8,Italy,555
2020,8,Spain,595
2020,8,Russia,516
2020,8,India,590
2020,9,South Korea,5110
2020,9,China,5202
2020,9,Taiwan,4801
2020,9,Hong Kong,1523
2020,9,Thailand,1572
2020,9,United States,1445
2020,9,Australia,538
2020,9,United Kingdom,520
2020,9,France,497
2020,9,Germany,530
2020,9,Vietnam,453
2020,9,Philippines,481
2020,9,Singapore,470
2020,9,Malaysia,486
2020,9,Indonesia,504
2020,9,Canada,464
2020,9,Italy,494
2020,9,Spain,484
2020,9,Russia,500
2020,9,India,538
2020,10,South Korea,5213
2020,10,China,5294
2020,10,Taiwan,5055
2020,10,Hong Kong,1358
2020,10,Thailand,1506
2020,10,United States,1473
2020,10,Australia,528
2020,10,United Kingdom,537
2020,10,France,454
2020,10,Germany,520
2020,10,Vietnam,468
2020,10,Philippines,547
2020,10,Singapore,543
2020,10,Malaysia,454
2020,10,Indonesia,519
2020,10,Canada,472
2020,10,Italy,539
2020,10,Spain,518
2020,10,Russia,545
2020,10,India,489
2020,11,South Korea,6368
2020,11,China,6642
2020,11,Taiwan,7019
2020,11,Hong Kong,2040
2020,11,Thailand,1852
2020,11,United States,2073
2020,11,Australia,601
2020,11,United Kingdom,649
2020,11,France,591
2020,11,Germany,690
2020,11,Vietnam,700
2020,11,Philippines,710
2020,11,Singapore,712
2020,11,Malaysia,605
2020,11,Indonesia,632
2020,11,Canada,603
2020,11,Italy,685
2020,11,Spain,603
2020,11,Russia,700
2020,11,India,586
2020,12,South Korea,4628
2020,12,China,5051
2020,12,Taiwan,4726
2020,12,Hong Kong,1408
2020,12,Thailand,1643
2020,12,United States,1501
2020,12,Australia,504
2020,12,United Kingdom,523
2020,12,France,498
2020,12,Germany,501
2020,12,Vietnam,511
2020,12,Philippines,523
2020,12,Singapore,497
2020,12,Malaysia,481
2020,12,Indonesia,526
2020,12,Canada,517
2020,12,Italy,492
2020,12,Spain,498
2020,12,Russia,493
2020,12,India,486
2021,1,South Korea,4760
2021,1,China,4568
2021,1,Taiwan,4190
2021,1,Hong Kong,1309
2021,1,Thailand,1277
2021,1,United States,1235
2021,1,Australia,448
2021,1,United Kingdom,438
2021,1,France,459
2021,1,Germany,447
2021,1,Vietnam,465
2021,1,Philippines,482
2021,1,Singapore,453
2021,1,Malaysia,464
2021,1,Indonesia,443
2021,1,Canada,420
2021,1,Italy,427
2021,1,Spain,422
2021,1,Russia,481
2021,1,India,449
2021,2,South Korea,4891
2021,2,China,4245
2021,2,Taiwan,4192
2021,2,Hong Kong,1480
2021,2,Thailand,1271
2021,2,United States,1312
2021,2,Australia,406
2021,2,United Kingdom,453
2021,2,France,438
2021,2,Germany,490
2021,2,Vietnam,421
2021,2,Philippines,487
2021,2,Singapore,489
2021,2,Malaysia,433
2021,2,Indonesia,415
2021,2,Canada,476
2021,2,Italy,423
2021,2,Spain,486
2021,2,Russia,418
2021,2,India,453
2021,3,South Korea,5239
2021,3,China,4863
2021,3,Taiwan,5338
2021,3,Hong Kong,1456
2021,3,Thailand,1437
2021,3,United States,1619
2021,3,Australia,529
2021,3,United Kingdom,519
2021,3,France,541
2021,3,Germany,520
2021,3,Vietnam,519
2021,3,Philippines,491
2021,3,Singapore,486
2021,3,Malaysia,525
2021,3,Indonesia,451
2021,3,Canada,457
2021,3,Italy,453
2021,3,Spain,521
2021,3,Russia,471
2021,3,India,532
2021,4,South Korea,6748
2021,4,China,6899
2021,4,Taiwan,7046
2021,4,Hong Kong,2141
2021,4,Thailand,2046
2021,4,United States,1897
2021,4,Australia,585
2021,4,United Kingdom,670
2021,4,France,694
2021,4,Germany,683
2021,4,Vietnam,710
2021,4,Philippines,681
2021,4,Singapore,634
2021,4,Malaysia,686
2021,4,Indonesia,596
2021,4,Canada,685
2021,4,Italy,613
2021,4,Spain,589
2021,4,Russia,687
2021,4,India,590
2021,5,South Korea,4933
2021,5,China,4595
2021,5,Taiwan,4743
2021,5,Hong Kong,1470
2021,5,Thailand,1513
2021,5,United States,1585
2021,5,Australia,505
2021,5,United Kingdom,547
2021,5,France,517
2021,5,Germany,455
2021,5,Vietnam,456
2021,5,Philippines,547
2021,5,Singapore,526
2021,5,Malaysia,482
2021,5,Indonesia,510
2021,5,Canada,527
2021,5,Italy,498
2021,5,Spain,472
2021,5,Russia,540
2021,5,India,454
2021,6,South Korea,4965
2021,6,China,5175
2021,6,Taiwan,4871
2021,6,Hong Kong,1536
2021,6,Thailand,1530
2021,6,United States,1603
2021,6,Australia,458
2021,6,United Kingdom,540
2021,6,France,478
2021,6,Germany,503
2021,6,Vietnam,499
2021,6,Philippines,494
2021,6,Singapore,504
2021,6,Malaysia,478
2021,6,Indonesia,527
2021,6,Canada,476
2021,6,Italy,524
2021,6,Spain,539
2021,6,Russia,534
2021,6,India,500
2021,7,South Korea,4826
2021,7,China,5216
2021,7,Taiwan,4803
2021,7,Hong Kong,1596
2021,7,Thailand,1482
2021,7,United States,1408
2021,7,Australia,482
2021,7,United Kingdom,450
2021,7,France,532
2021,7,Germany,478
2021,7,Vietnam,524
2021,7,Philippines,450
2021,7,Singapore,521
2021,7,Malaysia,520
2021,7,Indonesia,514
2021,7,Canada,537
2021,7,Italy,470
2021,7,Spain,530
2021,7,Russia,513
2021,7,India,509
2021,8,South Korea,5538
2021,8,China,5988
2021,8,Taiwan,5941
2021,8,Hong Kong,1767
2021,8,Thailand,1786
2021,8,United States,1504
2021,8,Australia,572
2021,8,United Kingdom,497
2021,8,France,581
2021,8,Germany,603
2021,8,Vietnam,545
2021,8,Philippines,555
2021,8,Singapore,598
2021,8,Malaysia,579
2021,8,Indonesia,602
2021,8,Canada,522
2021,8,Italy,501
2021,8,Spain,556
2021,8,Russia,544
2021,8,India,497
2021,9,South Korea,5397
2021,9,China,5144
2021,9,Taiwan,4710
2021,9,Hong Kong,1478
2021,9,Thailand,1550
2021,9,United States,1589
2021,9,Australia,522
2021,9,United Kingdom,524
2021,9,France,455
2021,9,Germany,515
2021,9,Vietnam,471
2021,9,Philippines,483
2021,9,Singapore,503
2021,9,Malaysia,456
2021,9,Indonesia,481
2021,9,Canada,514
2021,9,Italy,515
2021,9,Spain,456
2021,9,Russia,500
2021,9,India,484
2021,10,South Korea,5041
2021,10,China,4923
2021,10,Taiwan,4773
2021,10,Hong Kong,1447
2021,10,Thailand,1531
2021,10,United States,1464
2021,10,Australia,492
2021,10,United Kingdom,526
2021,10,France,534
2021,10,Germany,530
2021,10,Vietnam,522
2021,10,Philippines,542
2021,10,Singapore,513
2021,10,Malaysia,486
2021,10,Indonesia,492
2021,10,Canada,501
2021,10,Italy,498
2021,10,Spain,506
2021,10,Russia,493
2021,10,India,471
2021,11,South Korea,6313
2021,11,China,6794
2021,11,Taiwan,6332
2021,11,Hong Kong,1785
2021,11,Thailand,1972
2021,11,United States,1830
2021,11,Australia,606
2021,11,United Kingdom,607
2021,11,France,695
2021,11,Germany,617
2021,11,Vietnam,641
2021,11,Philippines,636
2021,11,Singapore,650
2021,11,Malaysia,686
2021,11,Indonesia,648
2021,11,Canada,648
2021,11,Italy,683
2021,11,Spain,678
2021,11,Russia,626
2021,11,India,657
2021,12,South Korea,5014
2021,12,China,5232
2021,12,Taiwan,5307
2021,12,Hong Kong,1488
2021,12,Thailand,1387
2021,12,United States,1581
2021,12,Australia,533
2021,12,United Kingdom,476
2021,12,France,464
2021,12,Germany,517
2021,12,Vietnam,511
2021,12,Philippines,502
2021,12,Singapore,503
2021,12,Malaysia,479
2021,12,Indonesia,454
2021,12,Canada,474
2021,12,Italy,509
2021,12,Spain,501
2021,12,Russia,528
2021,12,India,486
2022,1,South Korea,4415
2022,1,China,4876
2022,1,Taiwan,4283
2022,1,Hong Kong,1400
2022,1,Thailand,1250
2022,1,United States,1241
2022,1,Australia,469
2022,1,United Kingdom,432
2022,1,France,485
2022,1,Germany,406
2022,1,Vietnam,414
2022,1,Philippines,440
2022,1,Singapore,477
2022,1,Malaysia,413
2022,1,Indonesia,424
2022,1,Canada,464
2022,1,Italy,428
2022,1,Spain,446
2022,1,Russia,431
2022,1,India,425
2022,2,South Korea,4646
2022,2,China,4536
2022,2,Taiwan,4403
2022,2,Hong Kong,1345
2022,2,Thailand,1364
2022,2,United States,1352
2022,2,Australia,455
2022,2,United Kingdom,468
2022,2,France,434
2022,2,Germany,472
2022,2,Vietnam,465
2022,2,Philippines,459
2022,2,Singapore,489
2022,2,Malaysia,431
2022,2,Indonesia,484
2022,2,Canada,490
2022,2,Italy,427
2022,2,Spain,427
2022,2,Russia,431
2022,2,India,494
2022,3,South Korea,5362
2022,3,China,4618
2022,3,Taiwan,5370
2022,3,Hong Kong,1640
2022,3,Thailand,1503
2022,3,United States,1485
2022,3,Australia,451
2022,3,United Kingdom,515
2022,3,France,475
2022,3,Germany,483
2022,3,Vietnam,523
2022,3,Philippines,521
2022,3,Singapore,494
2022,3,Malaysia,530
2022,3,Indonesia,474
2022,3,Canada,467
2022,3,Italy,524
2022,3,Spain,499
2022,3,Russia,526
2022,3,India,471
2022,4,South Korea,6256
2022,4,China,6651
2022,4,Taiwan,6595
2022,4,Hong Kong,1937
2022,4,Thailand,1934
2022,4,United States,1850
2022,4,Australia,702
2022,4,United Kingdom,641
2022,4,France,690
2022,4,Germany,585
2022,4,Vietnam,682
2022,4,Philippines,672
2022,4,Singapore,607
2022,4,Malaysia,707
2022,4,Indonesia,604
2022,4,Canada,596
2022,4,Italy,673
2022,4,Spain,603
2022,4,Russia,682
2022,4,India,612
2022,5,South Korea,4675
2022,5,China,5337
2022,5,Taiwan,5488
2022,5,Hong Kong,1603
2022,5,Thailand,1487
2022,5,United States,1593
2022,5,Australia,474
2022,5,United Kingdom,517
2022,5,France,510
2022,5,Germany,546
2022,5,Vietnam,512
2022,5,Philippines,464
2022,5,Singapore,540
2022,5,Malaysia,520
2022,5,Indonesia,524
2022,5,Canada,468
2022,5,Italy,535
2022,5,Spain,504
2022,5,Russia,488
2022,5,India,491
2022,6,South Korea,5007
2022,6,China,5226
2022,6,Taiwan,5139
2022,6,Hong Kong,1456
2022,6,Thailand,1411
2022,6,United States,1609
2022,6,Australia,494
2022,6,United Kingdom,517
2022,6,France,465
2022,6,Germany,485
2022,6,Vietnam,501
2022,6,Philippines,501
2022,6,Singapore,546
2022,6,Malaysia,496
2022,6,Indonesia,461
2022,6,Canada,475
2022,6,Italy,520
2022,6,Spain,520
2022,6,Russia,473
2022,6,India,547
2022,7,South Korea,5443
2022,7,China,4958
2022,7,Taiwan,5272
2022,7,Hong Kong,1479
2022,7,Thailand,1632
2022,7,United States,1591
2022,7,Australia,485
2022,7,United Kingdom,543
2022,7,France,516
2022,7,Germany,544
2022,7,Vietnam,540
2022,7,Philippines,473
2022,7,Singapore,461
2022,7,Malaysia,507
2022,7,Indonesia,452
2022,7,Canada,515
2022,7,Italy,488
2022,7,Spain,509
2022,7,Russia,508
2022,7,India,499
2022,8,South Korea,4966
2022,8,China,5844
2022,8,Taiwan,5533
2022,8,Hong Kong,1656
2022,8,Thailand,1753
2022,8,United States,1762
2022,8,Australia,589
2022,8,United Kingdom,550
2022,8,France,575
2022,8,Germany,566
2022,8,Vietnam,544
2022,8,Philippines,525
2022,8,Singapore,558
2022,8,Malaysia,591
2022,8,Indonesia,581
2022,8,Canada,509
2022,8,Italy,502
2022,8,Spain,598
2022,8,Russia,505
2022,8,India,495
2022,9,South Korea,4753
2022,9,China,4856
2022,9,Taiwan,4820
2022,9,Hong Kong,1476
2022,9,Thailand,1384
2022,9,United States,1379
2022,9,Australia,514
2022,9,United Kingdom,478
2022,9,France,456
2022,9,Germany,501
2022,9,Vietnam,467
2022,9,Philippines,517
2022,9,Singapore,545
2022,9,Malaysia,549
2022,9,Indonesia,548
2022,9,Canada,509
2022,9,Italy,452
2022,9,Spain,537
2022,9,Russia,488
2022,9,India,460
2022,10,South Korea,159404
2022,10,China,155134
2022,10,Taiwan,159157
2022,10,Hong Kong,45355
2022,10,Thailand,44247
2022,10,United States,44164
2022,10,Australia,16388
2022,10,United Kingdom,14758
2022,10,France,15072
2022,10,Germany,16269
2022,10,Vietnam,13901
2022,10,Philippines,15471
2022,10,Singapore,14436
2022,10,Malaysia,14878
2022,10,Indonesia,14262
2022,10,Canada,15371
2022,10,Italy,14165
2022,10,Spain,14776
2022,10,Russia,15136
2022,10,India,15738
2022,11,South Korea,187190
2022,11,China,209715
2022,11,Taiwan,184677
2022,11,Hong Kong,59045
2022,11,Thailand,63035
2022,11,United States,53150
2022,11,Australia,17700
2022,11,United Kingdom,20428
2022,11,France,17989
2022,11,Germany,17909
2022,11,Vietnam,20438
2022,11,Philippines,17607
2022,11,Singapore,18282
2022,11,Malaysia,19327
2022,11,Indonesia,21258
2022,11,Canada,21218
2022,11,Italy,19512
2022,11,Spain,19404
2022,11,Russia,19471
2022,11,India,17748
2022,12,South Korea,152691
2022,12,China,146456
2022,12,Taiwan,156288
2022,12,Hong Kong,46783
2022,12,Thailand,45931
2022,12,United States,44486
2022,12,Australia,15360
2022,12,United Kingdom,14679
2022,12,France,14078
2022,12,Germany,13646
2022,12,Vietnam,15894
2022,12,Philippines,13808
2022,12,Singapore,14343
2022,12,Malaysia,13811
2022,12,Indonesia,15649
2022,12,Canada,14504
2022,12,Italy,16463
2022,12,Spain,14926
2022,12,Russia,13956
2022,12,India,14385
2023,1,South Korea,394072
2023,1,China,332106
2023,1,Taiwan,334741
2023,1,Hong Kong,115810
2023,1,Thailand,102320
2023,1,United States,115939
2023,1,Australia,33844
2023,1,United Kingdom,33470
2023,1,France,33863
2023,1,Germany,33995
2023,1,Vietnam,39260
2023,1,Philippines,37291
2023,1,Singapore,33406
2023,1,Malaysia,36171
2023,1,Indonesia,38338
2023,1,Canada,35640
2023,1,Italy,33597
2023,1,Spain,35035
2023,1,Russia,37243
2023,1,India,34719
2023,2,South Korea,392937
2023,2,China,332387
2023,2,Taiwan,347886
2023,2,Hong Kong,103803
2023,2,Thailand,109170
2023,2,United States,109974
2023,2,Australia,39410
2023,2,United Kingdom,38317
2023,2,France,35891
2023,2,Germany,37610
2023,2,Vietnam,37280
2023,2,Philippines,33466
2023,2,Singapore,37221
2023,2,Malaysia,33774
2023,2,Indonesia,32424
2023,2,Canada,36321
2023,2,Italy,34821
2023,2,Spain,35284
2023,2,Russia,35119
2023,2,India,32521
2023,3,South Korea,373437
2023,3,China,384827
2023,3,Taiwan,436416
2023,3,Hong Kong,130253
2023,3,Thailand,128579
2023,3,United States,116935
2023,3,Australia,42177
2023,3,United Kingdom,39750
2023,3,France,37415
2023,3,Germany,39076
2023,3,Vietnam,39649
2023,3,Philippines,39883
2023,3,Singapore,37546
2023,3,Malaysia,40855
2023,3,Indonesia,36392
2023,3,Canada,36366
2023,3,Italy,40818
2023,3,Spain,36628
2023,3,Russia,42580
2023,3,India,39614
2023,4,South Korea,469711
2023,4,China,536493
2023,4,Taiwan,549298
2023,4,Hong Kong,158632
2023,4,Thailand,154801
2023,4,United States,148355
2023,4,Australia,49029
2023,4,United Kingdom,50728
2023,4,France,48667
2023,4,Germany,54647
2023,4,Vietnam,55807
2023,4,Philippines,51955
2023,4,Singapore,55586
2023,4,Malaysia,54791
2023,4,Indonesia,52579
2023,4,Canada,49330
2023,4,Italy,52093
2023,4,Spain,47946
2023,4,Russia,49450
2023,4,India,55698
2023,5,South Korea,419525
2023,5,China,390503
2023,5,Taiwan,380242
2023,5,Hong Kong,120425
2023,5,Thailand,120776
2023,5,United States,123147
2023,5,Australia,39254
2023,5,United Kingdom,36378
2023,5,France,37448
2023,5,Germany,41667
2023,5,Vietnam,41267
2023,5,Philippines,43077
2023,5,Singapore,39387
2023,5,Malaysia,41557
2023,5,Indonesia,40566
2023,5,Canada,37688
2023,5,Italy,38557
2023,5,Spain,38235
2023,5,Russia,40107
2023,5,India,36992
2023,6,South Korea,366089
2023,6,China,427947
2023,6,Taiwan,364173
2023,6,Hong Kong,114721
2023,6,Thailand,110503
2023,6,United States,119736
2023,6,Australia,41559
2023,6,United Kingdom,37228
2023,6,France,42642
2023,6,Germany,36610
2023,6,Vietnam,42672
2023,6,Philippines,41783
2023,6,Singapore,36778
2023,6,Malaysia,41430
2023,6,Indonesia,37715
2023,6,Canada,42962
2023,6,Italy,43430
2023,6,Spain,41844
2023,6,Russia,42739
2023,6,India,38008
2023,7,South Korea,430960
2023,7,China,421980
2023,7,Taiwan,409886
2023,7,Hong Kong,122084
2023,7,Thailand,131414
2023,7,United States,113955
2023,7,Australia,36432
2023,7,United Kingdom,41961
2023,7,France,37869
2023,7,Germany,42590
2023,7,Vietnam,36893
2023,7,Philippines,39863
2023,7,Singapore,40581
2023,7,Malaysia,40484
2023,7,Indonesia,38171
2023,7,Canada,41902
2023,7,Italy,40118
2023,7,Spain,40660
2023,7,Russia,39194
2023,7,India,41586
2023,8,South Korea,451967
2023,8,China,475214
2023,8,Taiwan,397403
2023,8,Hong Kong,136939
2023,8,Thailand,132052
2023,8,United States,128053
2023,8,Australia,43165
2023,8,United Kingdom,47181
2023,8,France,47524
2023,8,Germany,39795
2023,8,Vietnam,46469
2023,8,Philippines,40144
2023,8,Singapore,47540
2023,8,Malaysia,47648
2023,8,Indonesia,41002
2023,8,Canada,45645
2023,8,Italy,46238
2023,8,Spain,45060
2023,8,Russia,42224
2023,8,India,42577
2023,9,South Korea,434900
2023,9,China,402334
2023,9,Taiwan,423336
2023,9,Hong Kong,123843
2023,9,Thailand,127828
2023,9,United States,120271
2023,9,Australia,39532
2023,9,United Kingdom,43451
2023,9,France,39823
2023,9,Germany,36279
2023,9,Vietnam,41701
2023,9,Philippines,40968
2023,9,Singapore,36611
2023,9,Malaysia,37952
2023,9,Indonesia,38128
2023,9,Canada,39674
2023,9,Italy,40838
2023,9,Spain,40139
2023,9,Russia,41255
2023,9,India,43739
2023,10,South Korea,372404
2023,10,China,416611
2023,10,Taiwan,376159
2023,10,Hong Kong,114761
2023,10,Thailand,131223
2023,10,United States,112172
2023,10,Australia,36140
2023,10,United Kingdom,42149
2023,10,France,38691
2023,10,Germany,41176
2023,10,Vietnam,41607
2023,10,Philippines,36941
2023,10,Singapore,42376
2023,10,Malaysia,39428
2023,10,Indonesia,38925
2023,10,Canada,40162
2023,10,Italy,37745
2023,10,Spain,36323
2023,10,Russia,38287
2023,10,India,36930
2023,11,South Korea,513733
2023,11,China,478292
2023,11,Taiwan,543755
2023,11,Hong Kong,147377
2023,11,Thailand,140616
2023,11,United States,145245
2023,11,Australia,51641
2023,11,United Kingdom,53196
2023,11,France,51283
2023,11,Germany,50131
2023,11,Vietnam,50479
2023,11,Philippines,47941
2023,11,Singapore,56386
2023,11,Malaysia,56233
2023,11,Indonesia,53369
2023,11,Canada,49541
2023,11,Italy,52402
2023,11,Spain,49461
2023,11,Russia,51015
2023,11,India,49649
2023,12,South Korea,366357
2023,12,China,432743
2023,12,Taiwan,386267
2023,12,Hong Kong,124842
2023,12,Thailand,126403
2023,12,United States,114575
2023,12,Australia,43107
2023,12,United Kingdom,37702
2023,12,France,39322
2023,12,Germany,41026
2023,12,Vietnam,36949
2023,12,Philippines,41806
2023,12,Singapore,40008
2023,12,Malaysia,39840
2023,12,Indonesia,38956
2023,12,Canada,43067
2023,12,Italy,43125
2023,12,Spain,38539
2023,12,Russia,38860
2023,12,India,42896
2024,1,South Korea,364097
2024,1,China,413953
2024,1,Taiwan,375974
2024,1,Hong Kong,118393
2024,1,Thailand,108377
2024,1,United States,109275
2024,1,Australia,36001
2024,1,United Kingdom,38978
2024,1,France,35386
2024,1,Germany,36268
2024,1,Vietnam,39297
2024,1,Philippines,41163
2024,1,Singapore,40334
2024,1,Malaysia,35437
2024,1,Indonesia,37370
2024,1,Canada,37754
2024,1,Italy,38232
2024,1,Spain,40296
2024,1,Russia,41272
2024,1,India,41135
2024,2,South Korea,400038
2024,2,China,361265
2024,2,Taiwan,379402
2024,2,Hong Kong,120469
2024,2,Thailand,111860
2024,2,United States,122793
2024,2,Australia,37652
2024,2,United Kingdom,34778
2024,2,France,38528
2024,2,Germany,38896
2024,2,Vietnam,37357
2024,2,Philippines,38297
2024,2,Singapore,41365
2024,2,Malaysia,40197
2024,2,Indonesia,34787
2024,2,Canada,36409
2024,2,Italy,40851
2024,2,Spain,35988
2024,2,Russia,38019
2024,2,India,39107
2024,3,South Korea,391453
2024,3,China,428668
2024,3,Taiwan,388362
2024,3,Hong Kong,130178
2024,3,Thailand,116969
2024,3,United States,134795
2024,3,Australia,45293
2024,3,United Kingdom,45046
2024,3,France,41958
2024,3,Germany,44907
2024,3,Vietnam,39188
2024,3,Philippines,41148
2024,3,Singapore,46571
2024,3,Malaysia,45338
2024,3,Indonesia,43126
2024,3,Canada,43060
2024,3,Italy,46218
2024,3,Spain,46057
2024,3,Russia,45941
2024,3,India,46262
2024,4,South Korea,551584
2024,4,China,497265
2024,4,Taiwan,547132
2024,4,Hong Kong,164466
2024,4,Thailand,149981
2024,4,United States,154723
2024,4,Australia,56613
2024,4,United Kingdom,58746
2024,4,France,52070
2024,4,Germany,55742
2024,4,Vietnam,51522
2024,4,Philippines,60088
2024,4,Singapore,60351
2024,4,Malaysia,51509
2024,4,Indonesia,58143
2024,4,Canada,54979
2024,4,Italy,55003
2024,4,Spain,50067
2024,4,Russia,53641
2024,4,India,57087
2024,5,South Korea,419917
2024,5,China,383765
2024,5,Taiwan,449111
2024,5,Hong Kong,138159
2024,5,Thailand,116492
2024,5,United States,127484
2024,5,Australia,41632
2024,5,United Kingdom,40276
2024,5,France,41475
2024,5,Germany,40322
2024,5,Vietnam,39582
2024,5,Philippines,43922
2024,5,Singapore,39182
2024,5,Malaysia,42764
2024,5,Indonesia,46495
2024,5,Canada,45000
2024,5,Italy,46327
2024,5,Spain,45016
2024,5,Russia,45093
2024,5,India,40454
2024,6,South Korea,452097
2024,6,China,420434
2024,6,Taiwan,430015
2024,6,Hong Kong,136780
2024,6,Thailand,136006
2024,6,United States,124258
2024,6,Australia,46014
2024,6,United Kingdom,44861
2024,6,France,41655
2024,6,Germany,42209
2024,6,Vietnam,38865
2024,6,Philippines,46183
2024,6,Singapore,46396
2024,6,Malaysia,39357
2024,6,Indonesia,42901
2024,6,Canada,40269
2024,6,Italy,39822
2024,6,Spain,43822
2024,6,Russia,44533
2024,6,India,42585
2024,7,South Korea,384036
2024,7,China,442543
2024,7,Taiwan,417182
2024,7,Hong Kong,129608
2024,7,Thailand,136436
2024,7,United States,127005
2024,7,Australia,44183
2024,7,United Kingdom,38680
2024,7,France,45296
2024,7,Germany,39547
2024,7,Vietnam,38571
2024,7,Philippines,38678
2024,7,Singapore,39393
2024,7,Malaysia,41133
2024,7,Indonesia,38942
2024,7,Canada,46623
2024,7,Italy,41379
2024,7,Spain,40049
2024,7,Russia,45086
2024,7,India,43989
2024,8,South Korea,490020
2024,8,China,428587
2024,8,Taiwan,429776
2024,8,Hong Kong,140730
2024,8,Thailand,150706
2024,8,United States,132226
2024,8,Australia,49253
2024,8,United Kingdom,42363
2024,8,France,50680
2024,8,Germany,49067
2024,8,Vietnam,47293
2024,8,Philippines,46710
2024,8,Singapore,42792
2024,8,Malaysia,50794
2024,8,Indonesia,50768
2024,8,Canada,47527
2024,8,Italy,49069
2024,8,Spain,46852
2024,8,Russia,46201
2024,8,India,45777
2024,9,South Korea,462161
2024,9,China,399857
2024,9,Taiwan,462361
2024,9,Hong Kong,124193
2024,9,Thailand,137705
2024,9,United States,136420
2024,9,Australia,45192
2024,9,United Kingdom,42443
2024,9,France,39027
2024,9,Germany,41742
2024,9,Vietnam,41482
2024,9,Philippines,41802
2024,9,Singapore,44134
2024,9,Malaysia,41903
2024,9,Indonesia,39738
2024,9,Canada,38975
2024,9,Italy,42930
2024,9,Spain,39646
2024,9,Russia,42013
2024,9,India,45486
2024,10,South Korea,387587
2024,10,China,402700
2024,10,Taiwan,464505
2024,10,Hong Kong,117917
2024,10,Thailand,137404
2024,10,United States,124272
2024,10,Australia,43852
2024,10,United Kingdom,44360
2024,10,France,39369
2024,10,Germany,44858
2024,10,Vietnam,44632
2024,10,Philippines,43561
2024,10,Singapore,38580
2024,10,Malaysia,42663
2024,10,Indonesia,42001
2024,10,Canada,40169
2024,10,Italy,44392
2024,10,Spain,42734
2024,10,Russia,39914
2024,10,India,40882
2024,11,South Korea,521872
2024,11,China,506290
2024,11,Taiwan,557139
2024,11,Hong Kong,170686
2024,11,Thailand,176028
2024,11,United States,177983
2024,11,Australia,57643
2024,11,United Kingdom,53776
2024,11,France,54536
2024,11,Germany,52376
2024,11,Vietnam,56539
2024,11,Philippines,59775
2024,11,Singapore,55707
2024,11,Malaysia,55657
2024,11,Indonesia,59878
2024,11,Canada,50404
2024,11,Italy,57544
2024,11,Spain,59758
2024,11,Russia,57041
2024,11,India,53568
2024,12,South Korea,460559
2024,12,China,394947
2024,12,Taiwan,417699
2024,12,Hong Kong,122801
2024,12,Thailand,126998
2024,12,United States,136413
2024,12,Australia,42128
2024,12,United Kingdom,39510
2024,12,France,42719
2024,12,Germany,42564
2024,12,Vietnam,41512
2024,12,Philippines,39251
2024,12,Singapore,43130
2024,12,Malaysia,44045
2024,12,Indonesia,41232
2024,12,Canada,44220
2024,12,Italy,39271
2024,12,Spain,44116
2024,12,Russia,38654
2024,12,India,42246
2025,1,South Korea,412092
2025,1,China,366441
2025,1,Taiwan,431658
2025,1,Hong Kong,125009
2025,1,Thailand,130170
2025,1,United States,113801
2025,1,Australia,38667
2025,1,United Kingdom,43989
2025,1,France,38629
2025,1,Germany,39381
2025,1,Vietnam,40254
2025,1,Philippines,36664
2025,1,Singapore,41000
2025,1,Malaysia,44313
2025,1,Indonesia,39463
2025,1,Canada,40486
2025,1,Italy,37419
2025,1,Spain,43327
2025,1,Russia,44055
2025,1,India,44485
2025,2,South Korea,380672
2025,2,China,430557
2025,2,Taiwan,393066
2025,2,Hong Kong,123479
2025,2,Thailand,112137
2025,2,United States,126855
2025,2,Australia,44428
2025,2,United Kingdom,42482
2025,2,France,41025
2025,2,Germany,37617
2025,2,Vietnam,37079
2025,2,Philippines,38255
2025,2,Singapore,41948
2025,2,Malaysia,42081
2025,2,Indonesia,40828
2025,2,Canada,41628
2025,2,Italy,44145
2025,2,Spain,36846
2025,2,Russia,44259
2025,2,India,43154
2025,3,South Korea,455144
2025,3,China,427028
2025,3,Taiwan,430575
2025,3,Hong Kong,125012
2025,3,Thailand,127882
2025,3,United States,122004
2025,3,Australia,44978
2025,3,United Kingdom,43071
2025,3,France,40605
2025,3,Germany,45558
2025,3,Vietnam,47503
2025,3,Philippines,48140
2025,3,Singapore,44713
2025,3,Malaysia,43818
2025,3,Indonesia,43452
2025,3,Canada,45587
2025,3,Italy,42187
2025,3,Spain,43380
2025,3,Russia,45079
2025,3,India,45717
2025,4,South Korea,550243
2025,4,China,555990
2025,4,Taiwan,550451
2025,4,Hong Kong,168614
2025,4,Thailand,170360
2025,4,United States,187092
2025,4,Australia,63120
2025,4,United Kingdom,64322
2025,4,France,53840
2025,4,Germany,55898
2025,4,Vietnam,55416
2025,4,Philippines,52894
2025,4,Singapore,61678
2025,4,Malaysia,61931
2025,4,Indonesia,53118
2025,4,Canada,62764
2025,4,Italy,56184
2025,4,Spain,62867
2025,4,Russia,61085
2025,4,India,58677
2025,5,South Korea,480084
2025,5,China,409895
2025,5,Taiwan,458049
2025,5,Hong Kong,131308
2025,5,Thailand,133472
2025,5,United States,131461
2025,5,Australia,42245
2025,5,United Kingdom,45255
2025,5,France,44609
2025,5,Germany,43321
2025,5,Vietnam,46489
2025,5,Philippines,47634
2025,5,Singapore,45884
2025,5,Malaysia,46446
2025,5,Indonesia,45247
2025,5,Canada,44693
2025,5,Italy,42990
2025,5,Spain,43833
2025,5,Russia,44235
2025,5,India,41221
2025,6,South Korea,471392
2025,6,China,434888
2025,6,Taiwan,438966
2025,6,Hong Kong,138548
2025,6,Thailand,126589
2025,6,United States,127179
2025,6,Australia,43333
2025,6,United Kingdom,47829
2025,6,France,44237
2025,6,Germany,46768
2025,6,Vietnam,40770
2025,6,Philippines,49278
2025,6,Singapore,44271
2025,6,Malaysia,43223
2025,6,Indonesia,44273
2025,6,Canada,40506
2025,6,Italy,43113
2025,6,Spain,45616
2025,6,Russia,41341
2025,6,India,48052
2025,7,South Korea,407567
2025,7,China,464269
2025,7,Taiwan,475270
2025,7,Hong Kong,127929
2025,7,Thailand,147785
2025,7,United States,134268
2025,7,Australia,44001
2025,7,United Kingdom,45472
2025,7,France,48415
2025,7,Germany,42682
2025,7,Vietnam,48772
2025,7,Philippines,48607
2025,7,Singapore,43056
2025,7,Malaysia,46254
2025,7,Indonesia,43294
2025,7,Canada,42379
2025,7,Italy,42262
2025,7,Spain,47932
2025,7,Russia,46442
2025,7,India,46613
2025,8,South Korea,525456
2025,8,China,512001
2025,8,Taiwan,452821
2025,8,Hong Kong,151440
2025,8,Thailand,145712
2025,8,United States,136191
2025,8,Australia,51622
2025,8,United Kingdom,51080
2025,8,France,48579
2025,8,Germany,47580
2025,8,Vietnam,51350
2025,8,Philippines,48236
2025,8,Singapore,50322
2025,8,Malaysia,49787
2025,8,Indonesia,51916
2025,8,Canada,49116
2025,8,Italy,47945
2025,8,Spain,53115
2025,8,Russia,53099
2025,8,India,45222
2025,9,South Korea,451563
2025,9,China,486288
2025,9,Taiwan,468715
2025,9,Hong Kong,128983
2025,9,Thailand,143788
2025,9,United States,130130
2025,9,Australia,41348
2025,9,United Kingdom,43794
2025,9,France,48790
2025,9,Germany,41897
2025,9,Vietnam,46357
2025,9,Philippines,43721
2025,9,Singapore,41325
2025,9,Malaysia,45997
2025,9,Indonesia,45796
2025,9,Canada,41479
2025,9,Italy,49165
2025,9,Spain,49298
2025,9,Russia,44492
2025,9,India,42037
2025,10,South Korea,406539
2025,10,China,460226
2025,10,Taiwan,426157
2025,10,Hong Kong,145558
2025,10,Thailand,124176
2025,10,United States,144950
2025,10,Australia,47962
2025,10,United Kingdom,44554
2025,10,France,46146
2025,10,Germany,43942
2025,10,Vietnam,44317
2025,10,Philippines,43475
2025,10,Singapore,44690
2025,10,Malaysia,45384
2025,10,Indonesia,48178
2025,10,Canada,47894
2025,10,Italy,43892
2025,10,Spain,41668
2025,10,Russia,44099
2025,10,India,47928
2025,11,South Korea,570244
2025,11,China,568976
2025,11,Taiwan,586625
2025,11,Hong Kong,187937
2025,11,Thailand,175508
2025,11,United States,177401
2025,11,Australia,53137
2025,11,United Kingdom,52865
2025,11,France,60352
2025,11,Germany,61425
2025,11,Vietnam,63649
2025,11,Philippines,64294
2025,11,Singapore,63808
2025,11,Malaysia,61127
2025,11,Indonesia,54250
2025,11,Canada,55208
2025,11,Italy,60758
2025,11,Spain,52732
2025,11,Russia,62496
2025,11,India,53233
