booking_id,booking_date,checkin_date,checkout_date,client_id,client_name,service_id,service_name,service_category,destination,agent_id,agent_name,status,pax,nights,revenue,cost,currency
BK-000001,2020-01-04,2020-01-08,2020-01-09,8,Nordic Explorers AB,9,Lyon Food Tour,Tour,Lyon,3,Sophie Laurent,Completed,12,1,784.49,576.73,EUR
BK-000002,2020-01-19,2020-03-14,2020-03-15,1,Sakura Travel Group,2,Airport Transfer,Transfer,Paris,2,Pierre Martin,Completed,4,0,231.68,162.29,EUR
BK-000003,2020-01-23,2020-04-16,2020-04-19,8,Nordic Explorers AB,18,Marseille Port Tour,Tour,Marseille,8,Thomas Roux,Completed,10,3,917.29,703.86,EUR
BK-000004,2020-01-06,2020-04-05,2020-04-07,9,Maple Leaf Journeys,14,Versailles Day Trip,Tour,Versailles,3,Sophie Laurent,Completed,4,2,774.33,491.04,EUR
BK-000005,2020-01-04,2020-02-19,2020-02-20,20,Swiss Premium Tours,12,TGV Train Booking,Transfer,Multi-city,5,Camille Moreau,Cancelled,1,0,117.57,80.42,EUR
BK-000006,2020-01-13,2020-01-24,2020-01-26,20,Swiss Premium Tours,18,Marseille Port Tour,Tour,Marseille,6,Nicolas Petit,Completed,10,2,788.43,447.35,EUR
BK-000007,2020-01-25,2020-03-03,2020-03-17,8,Nordic Explorers AB,3,Hotel Le Marais,Accommodation,Paris,2,Pierre Martin,Completed,7,14,15195.18,10772.18,EUR
BK-000008,2020-01-12,2020-02-27,2020-02-29,3,Pacific Coast Tours,7,Nice Coastal Tour,Tour,Nice,3,Sophie Laurent,Completed,9,2,1434.32,847.47,EUR
BK-000009,2020-01-30,2020-04-21,2020-04-22,11,Roma Viaggi SRL,18,Marseille Port Tour,Tour,Marseille,1,Marie Dubois,Completed,4,1,693.08,520.68,EUR
BK-000010,2020-01-03,2020-01-31,2020-02-02,7,Beijing Star International,19,Ski Package Alps,Tour,Chamonix,8,Thomas Roux,Completed,7,2,1278.92,908.95,EUR
BK-000011,2020-01-05,2020-02-06,2020-02-08,19,Amazon Corp Travel,18,Marseille Port Tour,Tour,Marseille,7,Isabelle Leroy,Cancelled,10,2,1099.1,664.77,EUR
BK-000012,2020-01-17,2020-03-21,2020-04-03,2,Alpine Adventures GmbH,3,Hotel Le Marais,Accommodation,Paris,2,Pierre Martin,Completed,3,13,9727.01,7276.0,EUR
BK-000013,2020-01-03,2020-02-22,2020-02-23,20,Swiss Premium Tours,13,Private Car Service,Transfer,Multi-city,8,Thomas Roux,Cancelled,9,0,541.53,372.74,EUR
BK-000014,2020-01-22,2020-02-06,2020-02-08,11,Roma Viaggi SRL,18,Marseille Port Tour,Tour,Marseille,2,Pierre Martin,Cancelled,5,2,576.07,382.18,EUR
BK-000015,2020-01-29,2020-03-03,2020-03-04,17,Andalucia Sun Tours,17,Strasbourg Christmas Tour,Tour,Strasbourg,2,Pierre Martin,Completed,11,1,1042.43,739.85,EUR
BK-000016,2020-01-05,2020-02-22,2020-03-02,17,Andalucia Sun Tours,6,Chateau Stay Bordeaux,Accommodation,Bordeaux,1,Marie Dubois,Cancelled,10,9,15076.99,8365.76,EUR
BK-000017,2020-01-29,2020-03-09,2020-03-10,8,Nordic Explorers AB,8,Hotel Promenade Nice,Accommodation,Nice,2,Pierre Martin,Cancelled,2,1,555.23,418.65,EUR
BK-000018,2020-01-18,2020-02-04,2020-02-07,18,Thai Smile Holidays,5,Wine Tasting Bordeaux,Tour,Bordeaux,3,Sophie Laurent,Cancelled,5,3,645.76,453.1,EUR
BK-000019,2020-01-30,2020-04-09,2020-04-11,13,Direct Client - Walk-in,7,Nice Coastal Tour,Tour,Nice,6,Nicolas Petit,Completed,8,2,1479.54,980.74,EUR
BK-000020,2020-01-03,2020-02-16,2020-02-17,19,Amazon Corp Travel,1,City Walking Tour,Tour,Paris,4,Jean-Luc Bernard,Completed,1,1,60.65,42.93,EUR
BK-000021,2020-01-29,2020-02-03,2020-02-04,17,Andalucia Sun Tours,11,D-Day Normandy Tour,Tour,Normandy,4,Jean-Luc Bernard,Completed,5,0,751.73,453.71,EUR
BK-000022,2020-01-30,2020-04-13,2020-04-16,8,Nordic Explorers AB,19,Ski Package Alps,Tour,Chamonix,8,Thomas Roux,Completed,7,3,549.93,315.79,EUR
BK-000023,2020-01-14,2020-03-07,2020-03-08,4,Voyages Lumiere,15,Provence Lavender Tour,Tour,Provence,1,Marie Dubois,Completed,7,0,1114.62,836.13,EUR
BK-000024,2020-01-07,2020-02-01,2020-02-04,5,Gulf Luxury Travel,18,Marseille Port Tour,Tour,Marseille,7,Isabelle Leroy,Cancelled,3,3,275.35,168.64,EUR
BK-000025,2020-01-15,2020-03-26,2020-03-27,18,Thai Smile Holidays,4,Seine River Cruise,Tour,Paris,1,Marie Dubois,Completed,2,0,377.91,288.03,EUR
BK-000026,2020-01-16,2020-03-18,2020-03-21,2,Alpine Adventures GmbH,7,Nice Coastal Tour,Tour,Nice,3,Sophie Laurent,Cancelled,7,3,352.26,228.13,EUR
BK-000027,2020-01-26,2020-03-25,2020-03-28,18,Thai Smile Holidays,10,Mont Blanc Excursion,Tour,Chamonix,8,Thomas Roux,Completed,3,3,235.45,142.31,EUR
BK-000028,2020-01-24,2020-04-03,2020-04-04,11,Roma Viaggi SRL,2,Airport Transfer,Transfer,Paris,1,Marie Dubois,Cancelled,1,0,100.1,67.64,EUR
BK-000029,2020-02-02,2020-04-08,2020-04-22,6,Southern Cross Holidays,3,Hotel Le Marais,Accommodation,Paris,2,Pierre Martin,Completed,10,14,13768.92,10539.49,EUR
BK-000030,2020-02-19,2020-03-22,2020-03-23,20,Swiss Premium Tours,19,Ski Package Alps,Tour,Chamonix,2,Pierre Martin,Completed,7,0,1040.24,719.12,EUR
BK-000031,2020-02-09,2020-03-07,2020-03-08,9,Maple Leaf Journeys,11,D-Day Normandy Tour,Tour,Normandy,7,Isabelle Leroy,Completed,3,1,452.26,282.66,EUR
BK-000032,2020-02-25,2020-03-06,2020-03-09,20,Swiss Premium Tours,1,City Walking Tour,Tour,Paris,2,Pierre Martin,Completed,2,3,261.29,176.76,EUR
BK-000033,2020-02-12,2020-02-21,2020-02-27,10,Seoul Wanderers Co.,8,Hotel Promenade Nice,Accommodation,Nice,3,Sophie Laurent,Completed,8,6,14645.33,10630.83,EUR
BK-000034,2020-02-26,2020-05-20,2020-05-21,18,Thai Smile Holidays,17,Strasbourg Christmas Tour,Tour,Strasbourg,5,Camille Moreau,Completed,11,0,720.92,554.77,EUR
BK-000035,2020-02-04,2020-04-15,2020-04-17,10,Seoul Wanderers Co.,5,Wine Tasting Bordeaux,Tour,Bordeaux,4,Jean-Luc Bernard,Cancelled,12,2,1217.18,878.65,EUR
BK-000036,2020-02-17,2020-04-20,2020-04-21,3,Pacific Coast Tours,9,Lyon Food Tour,Tour,Lyon,7,Isabelle Leroy,Completed,5,0,283.07,179.29,EUR
BK-000037,2020-02-09,2020-03-01,2020-03-04,18,Thai Smile Holidays,15,Provence Lavender Tour,Tour,Provence,1,Marie Dubois,Cancelled,2,3,122.57,94.47,EUR
BK-000038,2020-02-18,2020-02-23,2020-02-24,19,Amazon Corp Travel,12,TGV Train Booking,Transfer,Multi-city,3,Sophie Laurent,Cancelled,7,0,317.05,198.81,EUR
BK-000039,2020-02-26,2020-03-03,2020-03-04,7,Beijing Star International,12,TGV Train Booking,Transfer,Multi-city,4,Jean-Luc Bernard,Cancelled,11,0,465.69,346.95,EUR
BK-000040,2020-02-14,2020-05-04,2020-05-05,6,Southern Cross Holidays,5,Wine Tasting Bordeaux,Tour,Bordeaux,3,Sophie Laurent,Completed,7,1,376.03,276.06,EUR
BK-000041,2020-02-14,2020-05-10,2020-05-15,6,Southern Cross Holidays,8,Hotel Promenade Nice,Accommodation,Nice,2,Pierre Martin,Completed,7,5,11041.98,8443.23,EUR
BK-000042,2020-02-27,2020-04-26,2020-04-27,10,Seoul Wanderers Co.,12,TGV Train Booking,Transfer,Multi-city,4,Jean-Luc Bernard,Completed,4,0,131.36,78.59,EUR
BK-000043,2020-02-28,2020-03-08,2020-03-10,17,Andalucia Sun Tours,9,Lyon Food Tour,Tour,Lyon,7,Isabelle Leroy,Cancelled,11,2,2168.9,1483.64,EUR
BK-000044,2020-02-04,2020-03-09,2020-03-19,9,Maple Leaf Journeys,6,Chateau Stay Bordeaux,Accommodation,Bordeaux,1,Marie Dubois,Completed,2,10,4821.48,3068.49,EUR
BK-000045,2020-03-20,2020-05-25,2020-05-28,19,Amazon Corp Travel,4,Seine River Cruise,Tour,Paris,4,Jean-Luc Bernard,Completed,5,3,283.29,186.69,EUR
BK-000046,2020-03-26,2020-06-03,2020-06-05,14,Direct Client - Web,7,Nice Coastal Tour,Tour,Nice,2,Pierre Martin,Completed,11,2,2069.27,1460.47,EUR
BK-000047,2020-03-04,2020-04-12,2020-04-14,14,Direct Client - Web,17,Strasbourg Christmas Tour,Tour,Strasbourg,6,Nicolas Petit,Completed,7,2,1082.07,745.12,EUR
BK-000048,2020-03-22,2020-05-10,2020-05-20,19,Amazon Corp Travel,6,Chateau Stay Bordeaux,Accommodation,Bordeaux,5,Camille Moreau,Completed,7,10,15956.01,8777.42,EUR
BK-000049,2020-03-14,2020-05-28,2020-06-08,11,Roma Viaggi SRL,20,Hotel Negresco Nice,Accommodation,Nice,8,Thomas Roux,Completed,8,11,17545.72,10587.53,EUR
BK-000050,2020-03-29,2020-04-20,2020-04-25,17,Andalucia Sun Tours,3,Hotel Le Marais,Accommodation,Paris,6,Nicolas Petit,Completed,2,5,3009.74,2220.54,EUR
BK-000051,2020-03-08,2020-04-03,2020-04-04,2,Alpine Adventures GmbH,5,Wine Tasting Bordeaux,Tour,Bordeaux,4,Jean-Luc Bernard,Completed,8,0,1133.53,841.22,EUR
BK-000052,2020-03-29,2020-06-18,2020-06-19,13,Direct Client - Walk-in,19,Ski Package Alps,Tour,Chamonix,8,Thomas Roux,Completed,7,1,606.18,432.82,EUR
BK-000053,2020-03-25,2020-04-08,2020-04-09,6,Southern Cross Holidays,14,Versailles Day Trip,Tour,Versailles,8,Thomas Roux,Completed,1,1,133.61,104.13,EUR
BK-000054,2020-03-05,2020-05-04,2020-05-06,15,Horizon Corp Events,17,Strasbourg Christmas Tour,Tour,Strasbourg,7,Isabelle Leroy,Cancelled,9,2,1051.98,620.45,EUR
BK-000055,2020-03-15,2020-04-18,2020-05-02,9,Maple Leaf Journeys,8,Hotel Promenade Nice,Accommodation,Nice,8,Thomas Roux,Completed,11,14,22267.84,14696.07,EUR
BK-000056,2020-03-08,2020-04-12,2020-04-14,18,Thai Smile Holidays,11,D-Day Normandy Tour,Tour,Normandy,2,Pierre Martin,Completed,3,2,217.87,140.69,EUR
BK-000057,2020-03-07,2020-03-16,2020-03-19,11,Roma Viaggi SRL,14,Versailles Day Trip,Tour,Versailles,8,Thomas Roux,Completed,7,3,415.38,314.95,EUR
BK-000058,2020-03-25,2020-06-08,2020-06-11,16,Mumbai Getaways Pvt,1,City Walking Tour,Tour,Paris,1,Marie Dubois,Cancelled,6,3,568.75,368.26,EUR
BK-000059,2020-03-27,2020-05-20,2020-05-21,16,Mumbai Getaways Pvt,18,Marseille Port Tour,Tour,Marseille,4,Jean-Luc Bernard,Completed,5,1,576.88,321.47,EUR
BK-000060,2020-03-22,2020-05-13,2020-05-27,15,Horizon Corp Events,6,Chateau Stay Bordeaux,Accommodation,Bordeaux,3,Sophie Laurent,Completed,10,14,31389.87,24381.52,EUR
BK-000061,2020-03-22,2020-03-26,2020-04-06,14,Direct Client - Web,3,Hotel Le Marais,Accommodation,Paris,3,Sophie Laurent,Completed,8,11,11357.88,6985.54,EUR
BK-000062,2020-03-15,2020-04-26,2020-04-29,9,Maple Leaf Journeys,11,D-Day Normandy Tour,Tour,Normandy,7,Isabelle Leroy,Completed,5,3,876.18,584.92,EUR
BK-000063,2020-03-02,2020-04-16,2020-04-27,3,Pacific Coast Tours,8,Hotel Promenade Nice,Accommodation,Nice,1,Marie Dubois,Completed,1,11,3700.35,2219.62,EUR
BK-000064,2020-03-05,2020-04-05,2020-04-08,4,Voyages Lumiere,5,Wine Tasting Bordeaux,Tour,Bordeaux,4,Jean-Luc Bernard,Completed,8,3,1239.36,919.26,EUR
BK-000065,2020-03-20,2020-04-04,2020-04-09,4,Voyages Lumiere,6,Chateau Stay Bordeaux,Accommodation,Bordeaux,1,Marie Dubois,Completed,5,5,5886.63,4573.95,EUR
BK-000066,2020-03-31,2020-04-26,2020-05-06,8,Nordic Explorers AB,3,Hotel Le Marais,Accommodation,Paris,2,Pierre Martin,Completed,12,10,34628.38,26406.68,EUR
BK-000067,2020-03-04,2020-05-16,2020-05-17,12,Kiwi Adventures Ltd,2,Airport Transfer,Transfer,Paris,7,Isabelle Leroy,Completed,11,0,819.15,554.15,EUR
BK-000068,2020-03-28,2020-05-21,2020-05-23,14,Direct Client - Web,16,Hotel Vieux Lyon,Accommodation,Lyon,6,Nicolas Petit,Completed,11,2,7055.96,4691.75,EUR
BK-000069,2020-03-06,2020-05-12,2020-05-15,15,Horizon Corp Events,9,Lyon Food Tour,Tour,Lyon,7,Isabelle Leroy,Completed,12,3,1666.45,1050.82,EUR
BK-000070,2020-03-30,2020-04-11,2020-04-14,8,Nordic Explorers AB,9,Lyon Food Tour,Tour,Lyon,8,Thomas Roux,Completed,10,3,1415.5,912.64,EUR
BK-000071,2020-03-28,2020-05-09,2020-05-17,7,Beijing Star International,6,Chateau Stay Bordeaux,Accommodation,Bordeaux,6,Nicolas Petit,Completed,5,8,6875.66,5294.81,EUR
BK-000072,2020-03-09,2020-05-20,2020-05-21,3,Pacific Coast Tours,1,City Walking Tour,Tour,Paris,4,Jean-Luc Bernard,Completed,12,1,1331.57,917.18,EUR
BK-000073,2020-03-16,2020-06-07,2020-06-15,1,Sakura Travel Group,16,Hotel Vieux Lyon,Accommodation,Lyon,2,Pierre Martin,Completed,5,8,5593.24,4043.61,EUR
BK-000074,2020-03-19,2020-05-06,2020-05-15,17,Andalucia Sun Tours,16,Hotel Vieux Lyon,Accommodation,Lyon,6,Nicolas Petit,Completed,7,9,21992.7,15122.12,EUR
BK-000075,2020-03-15,2020-04-19,2020-04-21,8,Nordic Explorers AB,10,Mont Blanc Excursion,Tour,Chamonix,2,Pierre Martin,Completed,12,2,946.65,548.95,EUR
BK-000076,2020-03-25,2020-06-22,2020-06-26,7,Beijing Star International,6,Chateau Stay Bordeaux,Accommodation,Bordeaux,8,Thomas Roux,Completed,5,4,5512.76,4377.97,EUR
BK-000077,2020-03-10,2020-03-23,2020-03-25,8,Nordic Explorers AB,7,Nice Coastal Tour,Tour,Nice,6,Nicolas Petit,Completed,3,2,286.02,207.94,EUR
BK-000078,2020-03-02,2020-03-09,2020-03-11,5,Gulf Luxury Travel,18,Marseille Port Tour,Tour,Marseille,8,Thomas Roux,Completed,2,2,361.82,250.93,EUR
BK-000079,2020-03-15,2020-04-28,2020-04-29,9,Maple Leaf Journeys,6,Chateau Stay Bordeaux,Accommodation,Bordeaux,8,Thomas Roux,Completed,2,1,603.94,392.67,EUR
BK-000080,2020-04-22,2020-04-29,2020-04-30,19,Amazon Corp Travel,5,Wine Tasting Bordeaux,Tour,Bordeaux,5,Camille Moreau,Completed,2,1,398.18,230.79,EUR
BK-000081,2020-04-20,2020-07-06,2020-07-10,17,Andalucia Sun Tours,20,Hotel Negresco Nice,Accommodation,Nice,7,Isabelle Leroy,Completed,8,4,10409.48,6499.04,EUR
BK-000082,2020-04-14,2020-05-24,2020-05-25,20,Swiss Premium Tours,19,Ski Package Alps,Tour,Chamonix,2,Pierre Martin,Completed,4,0,575.31,354.48,EUR
BK-000083,2020-04-08,2020-05-01,2020-05-02,6,Southern Cross Holidays,18,Marseille Port Tour,Tour,Marseille,1,Marie Dubois,Completed,7,0,823.03,574.85,EUR
BK-000084,2020-04-08,2020-05-15,2020-05-18,3,Pacific Coast Tours,10,Mont Blanc Excursion,Tour,Chamonix,4,Jean-Luc Bernard,Completed,5,3,840.87,593.88,EUR
BK-000085,2020-04-30,2020-05-26,2020-05-27,18,Thai Smile Holidays,14,Versailles Day Trip,Tour,Versailles,4,Jean-Luc Bernard,Completed,11,0,795.83,490.56,EUR
BK-000086,2020-04-02,2020-04-24,2020-04-26,15,Horizon Corp Events,10,Mont Blanc Excursion,Tour,Chamonix,2,Pierre Martin,Cancelled,8,2,1226.41,889.07,EUR
BK-000087,2020-04-17,2020-06-26,2020-07-04,3,Pacific Coast Tours,16,Hotel Vieux Lyon,Accommodation,Lyon,1,Marie Dubois,Completed,7,8,15586.15,10924.78,EUR
BK-000088,2020-04-08,2020-07-04,2020-07-05,9,Maple Leaf Journeys,19,Ski Package Alps,Tour,Chamonix,1,Marie Dubois,Cancelled,3,0,361.73,257.87,EUR
BK-000089,2020-04-06,2020-06-20,2020-06-23,3,Pacific Coast Tours,14,Versailles Day Trip,Tour,Versailles,8,Thomas Roux,Completed,6,3,667.51,420.71,EUR
BK-000090,2020-04-06,2020-05-19,2020-05-22,10,Seoul Wanderers Co.,14,Versailles Day Trip,Tour,Versailles,7,Isabelle Leroy,Completed,9,3,499.54,285.74,EUR
BK-000091,2020-04-04,2020-05-26,2020-05-27,18,Thai Smile Holidays,17,Strasbourg Christmas Tour,Tour,Strasbourg,8,Thomas Roux,Completed,7,0,406.91,276.54,EUR
BK-000092,2020-04-16,2020-07-06,2020-07-07,7,Beijing Star International,15,Provence Lavender Tour,Tour,Provence,5,Camille Moreau,Cancelled,9,0,626.87,389.92,EUR
BK-000093,2020-04-16,2020-05-02,2020-05-03,6,Southern Cross Holidays,1,City Walking Tour,Tour,Paris,5,Camille Moreau,Completed,9,1,468.46,305.43,EUR
BK-000094,2020-04-27,2020-05-12,2020-05-13,5,Gulf Luxury Travel,15,Provence Lavender Tour,Tour,Provence,8,Thomas Roux,Completed,12,0,1125.35,817.4,EUR
BK-000095,2020-04-16,2020-06-16,2020-06-24,18,Thai Smile Holidays,8,Hotel Promenade Nice,Accommodation,Nice,3,Sophie Laurent,Completed,7,8,7362.03,5152.28,EUR
BK-000096,2020-04-05,2020-04-14,2020-04-17,11,Roma Viaggi SRL,9,Lyon Food Tour,Tour,Lyon,5,Camille Moreau,Completed,1,3,92.43,57.74,EUR
BK-000097,2020-04-22,2020-06-24,2020-06-27,18,Thai Smile Holidays,5,Wine Tasting Bordeaux,Tour,Bordeaux,8,Thomas Roux,Completed,6,3,599.2,443.84,EUR
BK-000098,2020-04-30,2020-06-11,2020-06-12,19,Amazon Corp Travel,7,Nice Coastal Tour,Tour,Nice,7,Isabelle Leroy,Completed,4,1,713.61,465.77,EUR
BK-000099,2020-04-16,2020-06-04,2020-06-05,5,Gulf Luxury Travel,13,Private Car Service,Transfer,Multi-city,8,Thomas Roux,Completed,1,0,45.15,35.73,EUR
BK-000100,2020-04-04,2020-05-31,2020-06-03,1,Sakura Travel Group,4,Seine River Cruise,Tour,Paris,3,Sophie Laurent,Completed,7,3,1264.48,1002.09,EUR
BK-000101,2020-04-26,2020-05-30,2020-06-02,3,Pacific Coast Tours,11,D-Day Normandy Tour,Tour,Normandy,6,Nicolas Petit,Completed,11,3,1967.91,1269.31,EUR
BK-000102,2020-04-23,2020-06-25,2020-06-26,20,Swiss Premium Tours,18,Marseille Port Tour,Tour,Marseille,2,Pierre Martin,Cancelled,4,0,578.7,451.52,EUR
BK-000103,2020-04-24,2020-05-06,2020-05-07,4,Voyages Lumiere,14,Versailles Day Trip,Tour,Versailles,8,Thomas Roux,Completed,3,0,462.3,358.68,EUR
BK-000104,2020-04-26,2020-05-04,2020-05-06,12,Kiwi Adventures Ltd,10,Mont Blanc Excursion,Tour,Chamonix,7,Isabelle Leroy,Completed,3,2,259.89,169.71,EUR
BK-000105,2020-04-06,2020-04-28,2020-04-30,20,Swiss Premium Tours,6,Chateau Stay Bordeaux,Accommodation,Bordeaux,7,Isabelle Leroy,Completed,10,2,5288.93,3566.94,EUR
BK-000106,2020-04-08,2020-06-07,2020-06-10,9,Maple Leaf Journeys,9,Lyon Food Tour,Tour,Lyon,1,Marie Dubois,Completed,8,3,1481.45,1065.76,EUR
BK-000107,2020-04-15,2020-05-30,2020-06-01,14,Direct Client - Web,19,Ski Package Alps,Tour,Chamonix,5,Camille Moreau,Completed,8,2,1414.36,848.34,EUR
BK-000108,2020-04-16,2020-04-30,2020-05-07,19,Amazon Corp Travel,8,Hotel Promenade Nice,Accommodation,Nice,6,Nicolas Petit,Completed,10,7,11191.99,8112.18,EUR
BK-000109,2020-04-27,2020-07-21,2020-07-22,9,Maple Leaf Journeys,13,Private Car Service,Transfer,Multi-city,1,Marie Dubois,Cancelled,10,0,1338.08,996.3,EUR
BK-000110,2020-04-30,2020-07-17,2020-07-31,10,Seoul Wanderers Co.,16,Hotel Vieux Lyon,Accommodation,Lyon,4,Jean-Luc Bernard,Completed,10,14,41513.03,25105.05,EUR
BK-000111,2020-04-09,2020-07-05,2020-07-06,2,Alpine Adventures GmbH,5,Wine Tasting Bordeaux,Tour,Bordeaux,5,Camille Moreau,Completed,8,0,440.04,282.16,EUR
BK-000112,2020-04-30,2020-06-07,2020-06-10,6,Southern Cross Holidays,11,D-Day Normandy Tour,Tour,Normandy,4,Jean-Luc Bernard,Completed,3,3,503.93,387.58,EUR
BK-000113,2020-04-17,2020-05-22,2020-05-27,16,Mumbai Getaways Pvt,6,Chateau Stay Bordeaux,Accommodation,Bordeaux,5,Camille Moreau,Completed,12,5,18900.43,14195.32,EUR
BK-000114,2020-04-03,2020-04-22,2020-05-06,13,Direct Client - Walk-in,8,Hotel Promenade Nice,Accommodation,Nice,6,Nicolas Petit,Completed,2,14,8217.56,4548.25,EUR
BK-000115,2020-04-15,2020-06-02,2020-06-05,12,Kiwi Adventures Ltd,9,Lyon Food Tour,Tour,Lyon,2,Pierre Martin,Cancelled,11,3,935.81,520.55,EUR
BK-000116,2020-04-18,2020-05-30,2020-06-03,3,Pacific Coast Tours,20,Hotel Negresco Nice,Accommodation,Nice,8,Thomas Roux,Completed,12,4,7756.38,5057.73,EUR
BK-000117,2020-04-02,2020-05-11,2020-05-13,4,Voyages Lumiere,16,Hotel Vieux Lyon,Accommodation,Lyon,4,Jean-Luc Bernard,Completed,9,2,2099.33,1392.72,EUR
BK-000118,2020-04-24,2020-07-23,2020-07-26,19,Amazon Corp Travel,18,Marseille Port Tour,Tour,Marseille,3,Sophie Laurent,Completed,7,3,1037.67,786.99,EUR
BK-000119,2020-04-09,2020-04-14,2020-04-15,7,Beijing Star International,12,TGV Train Booking,Transfer,Multi-city,8,Thomas Roux,Completed,8,0,1152.53,880.37,EUR
BK-000120,2020-04-22,2020-06-09,2020-06-11,2,Alpine Adventures GmbH,18,Marseille Port Tour,Tour,Marseille,7,Isabelle Leroy,Completed,5,2,392.36,227.78,EUR
BK-000121,2020-04-15,2020-04-27,2020-04-28,2,Alpine Adventures GmbH,7,Nice Coastal Tour,Tour,Nice,6,Nicolas Petit,Completed,4,0,793.29,592.38,EUR
BK-000122,2020-04-27,2020-07-07,2020-07-08,8,Nordic Explorers AB,7,Nice Coastal Tour,Tour,Nice,6,Nicolas Petit,Completed,3,1,504.89,352.92,EUR
BK-000123,2020-04-05,2020-04-22,2020-04-24,6,Southern Cross Holidays,18,Marseille Port Tour,Tour,Marseille,2,Pierre Martin,Completed,11,2,1979.64,1154.03,EUR
BK-000124,2020-04-26,2020-05-27,2020-05-29,1,Sakura Travel Group,19,Ski Package Alps,Tour,Chamonix,3,Sophie Laurent,Completed,5,2,289.3,212.76,EUR
BK-000125,2020-04-24,2020-05-03,2020-05-11,12,Kiwi Adventures Ltd,16,Hotel Vieux Lyon,Accommodation,Lyon,2,Pierre Martin,Completed,8,8,13826.33,10872.39,EUR
BK-000126,2020-04-26,2020-07-20,2020-07-22,15,Horizon Corp Events,17,Strasbourg Christmas Tour,Tour,Strasbourg,1,Marie Dubois,Completed,1,2,199.79,152.2,EUR
BK-000127,2020-04-04,2020-06-06,2020-06-07,3,Pacific Coast Tours,15,Provence Lavender Tour,Tour,Provence,6,Nicolas Petit,Completed,10,0,722.5,420.17,EUR
BK-000128,2020-04-19,2020-06-29,2020-07-02,20,Swiss Premium Tours,11,D-Day Normandy Tour,Tour,Normandy,5,Camille Moreau,Completed,8,3,1006.66,661.93,EUR
BK-000129,2020-04-04,2020-06-27,2020-06-28,14,Direct Client - Web,18,Marseille Port Tour,Tour,Marseille,8,Thomas Roux,Completed,4,1,448.29,339.29,EUR
BK-000130,2020-04-24,2020-05-07,2020-05-10,11,Roma Viaggi SRL,11,D-Day Normandy Tour,Tour,Normandy,5,Camille Moreau,Completed,6,3,1158.23,835.9,EUR
BK-000131,2020-04-03,2020-04-14,2020-04-21,4,Voyages Lumiere,3,Hotel Le Marais,Accommodation,Paris,6,Nicolas Petit,Completed,3,7,4834.62,3367.87,EUR
BK-000132,2020-04-11,2020-07-06,2020-07-09,12,Kiwi Adventures Ltd,4,Seine River Cruise,Tour,Paris,7,Isabelle Leroy,Completed,12,3,692.6,430.73,EUR
BK-000133,2020-05-19,2020-07-23,2020-07-24,16,Mumbai Getaways Pvt,7,Nice Coastal Tour,Tour,Nice,4,Jean-Luc Bernard,Completed,2,1,205.03,141.28,EUR
BK-000134,2020-05-09,2020-07-22,2020-08-04,14,Direct Client - Web,8,Hotel Promenade Nice,Accommodation,Nice,1,Marie Dubois,Completed,10,13,43010.86,32574.93,EUR
BK-000135,2020-05-06,2020-06-10,2020-06-12,12,Kiwi Adventures Ltd,10,Mont Blanc Excursion,Tour,Chamonix,1,Marie Dubois,Completed,3,2,541.44,374.45,EUR
BK-000136,2020-05-05,2020-07-26,2020-07-27,17,Andalucia Sun Tours,1,City Walking Tour,Tour,Paris,4,Jean-Luc Bernard,Completed,7,0,790.82,502.35,EUR
BK-000137,2020-05-24,2020-07-05,2020-07-06,2,Alpine Adventures GmbH,19,Ski Package Alps,Tour,Chamonix,3,Sophie Laurent,Completed,3,0,489.5,275.31,EUR
BK-000138,2020-05-15,2020-08-08,2020-08-11,20,Swiss Premium Tours,14,Versailles Day Trip,Tour,Versailles,8,Thomas Roux,Completed,7,3,636.83,470.45,EUR
BK-000139,2020-05-14,2020-05-29,2020-06-01,17,Andalucia Sun Tours,10,Mont Blanc Excursion,Tour,Chamonix,5,Camille Moreau,Completed,1,3,83.08,66.14,EUR
BK-000140,2020-05-07,2020-06-15,2020-06-16,9,Maple Leaf Journeys,7,Nice Coastal Tour,Tour,Nice,5,Camille Moreau,Completed,6,1,407.99,275.13,EUR
BK-000141,2020-05-05,2020-06-23,2020-06-24,17,Andalucia Sun Tours,18,Marseille Port Tour,Tour,Marseille,6,Nicolas Petit,Completed,2,1,219.12,161.17,EUR
BK-000142,2020-05-15,2020-05-25,2020-05-28,19,Amazon Corp Travel,11,D-Day Normandy Tour,Tour,Normandy,7,Isabelle Leroy,Completed,12,3,1752.26,1090.57,EUR
BK-000143,2020-05-31,2020-07-12,2020-07-25,20,Swiss Premium Tours,6,Chateau Stay Bordeaux,Accommodation,Bordeaux,8,Thomas Roux,Completed,12,13,51220.7,29299.9,EUR
BK-000144,2020-05-08,2020-07-03,2020-07-06,17,Andalucia Sun Tours,19,Ski Package Alps,Tour,Chamonix,2,Pierre Martin,Completed,7,3,1264.05,930.91,EUR
BK-000145,2020-05-25,2020-06-16,2020-06-25,4,Voyages Lumiere,3,Hotel Le Marais,Accommodation,Paris,4,Jean-Luc Bernard,Completed,6,9,9439.03,7452.64,EUR
BK-000146,2020-05-05,2020-06-05,2020-06-06,9,Maple Leaf Journeys,4,Seine River Cruise,Tour,Paris,4,Jean-Luc Bernard,Completed,3,1,421.08,311.62,EUR
BK-000147,2020-05-06,2020-07-26,2020-08-03,19,Amazon Corp Travel,16,Hotel Vieux Lyon,Accommodation,Lyon,8,Thomas Roux,Completed,11,8,28997.91,20041.12,EUR
BK-000148,2020-05-20,2020-07-01,2020-07-02,15,Horizon Corp Events,11,D-Day Normandy Tour,Tour,Normandy,2,Pierre Martin,Completed,8,1,930.65,582.31,EUR
BK-000149,2020-05-02,2020-06-17,2020-06-18,10,Seoul Wanderers Co.,17,Strasbourg Christmas Tour,Tour,Strasbourg,8,Thomas Roux,Completed,8,0,445.13,285.86,EUR
BK-000150,2020-05-21,2020-06-02,2020-06-12,17,Andalucia Sun Tours,20,Hotel Negresco Nice,Accommodation,Nice,7,Isabelle Leroy,Completed,8,10,18935.12,14931.44,EUR
BK-000151,2020-05-02,2020-06-29,2020-06-30,11,Roma Viaggi SRL,19,Ski Package Alps,Tour,Chamonix,8,Thomas Roux,Completed,9,1,653.66,369.62,EUR
BK-000152,2020-05-29,2020-07-12,2020-07-21,6,Southern Cross Holidays,3,Hotel Le Marais,Accommodation,Paris,1,Marie Dubois,Completed,4,9,9758.08,7784.47,EUR
BK-000153,2020-05-20,2020-06-10,2020-06-11,12,Kiwi Adventures Ltd,12,TGV Train Booking,Transfer,Multi-city,5,Camille Moreau,Completed,7,0,553.37,351.16,EUR
BK-000154,2020-05-26,2020-08-15,2020-08-16,11,Roma Viaggi SRL,11,D-Day Normandy Tour,Tour,Normandy,2,Pierre Martin,Completed,9,0,1365.81,848.22,EUR
BK-000155,2020-05-22,2020-08-08,2020-08-10,3,Pacific Coast Tours,5,Wine Tasting Bordeaux,Tour,Bordeaux,3,Sophie Laurent,Completed,6,2,579.21,413.56,EUR
BK-000156,2020-05-05,2020-07-21,2020-07-26,18,Thai Smile Holidays,3,Hotel Le Marais,Accommodation,Paris,7,Isabelle Leroy,Completed,11,5,16156.18,12170.39,EUR
BK-000157,2020-05-27,2020-08-23,2020-08-24,14,Direct Client - Web,17,Strasbourg Christmas Tour,Tour,Strasbourg,6,Nicolas Petit,Completed,1,0,104.39,62.12,EUR
BK-000158,2020-05-31,2020-08-02,2020-08-03,5,Gulf Luxury Travel,7,Nice Coastal Tour,Tour,Nice,3,Sophie Laurent,Completed,2,1,188.74,140.99,EUR
BK-000159,2020-05-18,2020-07-25,2020-07-26,11,Roma Viaggi SRL,2,Airport Transfer,Transfer,Paris,3,Sophie Laurent,Completed,10,0,752.06,444.14,EUR
BK-000160,2020-05-25,2020-08-13,2020-08-25,15,Horizon Corp Events,6,Chateau Stay Bordeaux,Accommodation,Bordeaux,1,Marie Dubois,Cancelled,7,12,14982.31,10935.53,EUR
BK-000161,2020-05-20,2020-06-26,2020-06-27,18,Thai Smile Holidays,15,Provence Lavender Tour,Tour,Provence,4,Jean-Luc Bernard,Cancelled,5,1,974.2,726.84,EUR
BK-000162,2020-05-07,2020-06-24,2020-06-27,15,Horizon Corp Events,19,Ski Package Alps,Tour,Chamonix,5,Camille Moreau,Completed,7,3,878.05,574.83,EUR
BK-000163,2020-05-07,2020-07-24,2020-07-26,2,Alpine Adventures GmbH,5,Wine Tasting Bordeaux,Tour,Bordeaux,8,Thomas Roux,Completed,6,2,799.09,459.99,EUR
BK-000164,2020-05-28,2020-06-13,2020-06-14,6,Southern Cross Holidays,10,Mont Blanc Excursion,Tour,Chamonix,5,Camille Moreau,Completed,8,0,1486.37,872.26,EUR
BK-000165,2020-05-31,2020-06-29,2020-07-01,1,Sakura Travel Group,15,Provence Lavender Tour,Tour,Provence,7,Isabelle Leroy,Completed,1,2,109.47,70.44,EUR
BK-000166,2020-05-03,2020-06-20,2020-06-21,11,Roma Viaggi SRL,8,Hotel Promenade Nice,Accommodation,Nice,2,Pierre Martin,Completed,12,1,3065.87,2292.8,EUR
BK-000167,2020-05-10,2020-07-10,2020-07-13,15,Horizon Corp Events,5,Wine Tasting Bordeaux,Tour,Bordeaux,1,Marie Dubois,Completed,2,3,105.7,63.83,EUR
BK-000168,2020-05-31,2020-08-17,2020-08-20,4,Voyages Lumiere,17,Strasbourg Christmas Tour,Tour,Strasbourg,5,Camille Moreau,Completed,4,3,380.69,213.92,EUR
BK-000169,2020-05-26,2020-08-14,2020-08-15,4,Voyages Lumiere,15,Provence Lavender Tour,Tour,Provence,8,Thomas Roux,Completed,10,0,1304.08,923.27,EUR
BK-000170,2020-05-23,2020-06-11,2020-06-14,1,Sakura Travel Group,10,Mont Blanc Excursion,Tour,Chamonix,6,Nicolas Petit,Completed,4,3,542.4,323.72,EUR
BK-000171,2020-05-17,2020-07-03,2020-07-12,18,Thai Smile Holidays,3,Hotel Le Marais,Accommodation,Paris,1,Marie Dubois,Completed,7,9,19895.37,11158.99,EUR
BK-000172,2020-06-09,2020-06-12,2020-06-13,3,Pacific Coast Tours,12,TGV Train Booking,Transfer,Multi-city,6,Nicolas Petit,Completed,4,0,471.81,333.6,EUR
BK-000173,2020-06-24,2020-08-06,2020-08-07,12,Kiwi Adventures Ltd,5,Wine Tasting Bordeaux,Tour,Bordeaux,6,Nicolas Petit,Completed,11,0,838.9,624.8,EUR
BK-000174,2020-06-23,2020-08-24,2020-09-06,5,Gulf Luxury Travel,6,Chateau Stay Bordeaux,Accommodation,Bordeaux,2,Pierre Martin,Completed,12,13,45173.14,30013.93,EUR
BK-000175,2020-06-02,2020-06-28,2020-06-29,11,Roma Viaggi SRL,2,Airport Transfer,Transfer,Paris,5,Camille Moreau,Completed,9,0,700.08,527.76,EUR
BK-000176,2020-06-02,2020-08-24,2020-08-26,12,Kiwi Adventures Ltd,7,Nice Coastal Tour,Tour,Nice,1,Marie Dubois,Completed,11,2,1097.68,637.88,EUR
BK-000177,2020-06-29,2020-08-20,2020-08-23,11,Roma Viaggi SRL,15,Provence Lavender Tour,Tour,Provence,3,Sophie Laurent,Completed,8,3,1230.48,789.77,EUR
BK-000178,2020-06-09,2020-06-20,2020-06-21,14,Direct Client - Web,14,Versailles Day Trip,Tour,Versailles,3,Sophie Laurent,Completed,9,0,846.58,487.33,EUR
BK-000179,2020-06-10,2020-07-20,2020-07-23,6,Southern Cross Holidays,15,Provence Lavender Tour,Tour,Provence,8,Thomas Roux,Cancelled,6,3,702.42,513.96,EUR
BK-000180,2020-06-20,2020-08-15,2020-08-16,3,Pacific Coast Tours,9,Lyon Food Tour,Tour,Lyon,7,Isabelle Leroy,Completed,6,0,761.78,561.79,EUR
BK-000181,2020-06-01,2020-06-20,2020-07-01,15,Horizon Corp Events,20,Hotel Negresco Nice,Accommodation,Nice,1,Marie Dubois,Completed,3,11,3239.05,2411.89,EUR
BK-000182,2020-06-13,2020-08-25,2020-08-26,20,Swiss Premium Tours,2,Airport Transfer,Transfer,Paris,3,Sophie Laurent,Completed,11,0,923.9,593.83,EUR
BK-000183,2020-06-03,2020-08-16,2020-08-18,13,Direct Client - Walk-in,5,Wine Tasting Bordeaux,Tour,Bordeaux,6,Nicolas Petit,Completed,11,2,1009.84,797.9,EUR
BK-000184,2020-06-06,2020-08-09,2020-08-12,18,Thai Smile Holidays,17,Strasbourg Christmas Tour,Tour,Strasbourg,2,Pierre Martin,Completed,5,3,831.22,603.47,EUR
BK-000185,2020-06-20,2020-07-27,2020-07-31,4,Voyages Lumiere,16,Hotel Vieux Lyon,Accommodation,Lyon,3,Sophie Laurent,Completed,2,4,1616.41,1252.18,EUR
BK-000186,2020-06-03,2020-08-30,2020-09-01,3,Pacific Coast Tours,11,D-Day Normandy Tour,Tour,Normandy,5,Camille Moreau,Cancelled,5,2,888.52,646.8,EUR
BK-000187,2020-06-21,2020-07-14,2020-07-15,17,Andalucia Sun Tours,12,TGV Train Booking,Transfer,Multi-city,4,Jean-Luc Bernard,Completed,2,0,296.43,221.73,EUR
BK-000188,2020-06-16,2020-06-20,2020-06-21,18,Thai Smile Holidays,12,TGV Train Booking,Transfer,Multi-city,6,Nicolas Petit,Completed,8,0,1011.52,695.84,EUR
BK-000189,2020-06-03,2020-06-12,2020-06-15,16,Mumbai Getaways Pvt,10,Mont Blanc Excursion,Tour,Chamonix,7,Isabelle Leroy,Cancelled,7,3,1214.51,690.37,EUR
BK-000190,2020-06-21,2020-07-01,2020-07-04,17,Andalucia Sun Tours,15,Provence Lavender Tour,Tour,Provence,6,Nicolas Petit,Completed,3,3,545.08,406.12,EUR
BK-000191,2020-06-06,2020-06-23,2020-06-24,4,Voyages Lumiere,14,Versailles Day Trip,Tour,Versailles,3,Sophie Laurent,Completed,5,0,373.49,235.55,EUR
BK-000192,2020-06-12,2020-08-18,2020-08-19,9,Maple Leaf Journeys,10,Mont Blanc Excursion,Tour,Chamonix,4,Jean-Luc Bernard,Completed,11,0,2127.98,1316.4,EUR
BK-000193,2020-06-20,2020-08-28,2020-09-06,6,Southern Cross Holidays,3,Hotel Le Marais,Accommodation,Paris,3,Sophie Laurent,Completed,3,9,6962.16,5083.48,EUR
BK-000194,2020-06-27,2020-09-08,2020-09-09,1,Sakura Travel Group,2,Airport Transfer,Transfer,Paris,2,Pierre Martin,Completed,1,0,143.83,106.83,EUR
BK-000195,2020-06-07,2020-08-20,2020-08-21,16,Mumbai Getaways Pvt,14,Versailles Day Trip,Tour,Versailles,5,Camille Moreau,Completed,11,0,2128.47,1427.64,EUR
BK-000196,2020-06-22,2020-08-13,2020-08-16,3,Pacific Coast Tours,10,Mont Blanc Excursion,Tour,Chamonix,1,Marie Dubois,Completed,3,3,347.82,233.41,EUR
BK-000197,2020-06-20,2020-07-09,2020-07-11,12,Kiwi Adventures Ltd,11,D-Day Normandy Tour,Tour,Normandy,7,Isabelle Leroy,Completed,3,2,492.3,334.15,EUR
BK-000198,2020-06-08,2020-08-07,2020-08-09,15,Horizon Corp Events,4,Seine River Cruise,Tour,Paris,4,Jean-Luc Bernard,Completed,3,2,193.57,120.51,EUR
BK-000199,2020-06-20,2020-08-13,2020-08-27,6,Southern Cross Holidays,8,Hotel Promenade Nice,Accommodation,Nice,6,Nicolas Petit,Completed,10,14,38458.65,22977.45,EUR
BK-000200,2020-06-17,2020-08-16,2020-08-21,16,Mumbai Getaways Pvt,16,Hotel Vieux Lyon,Accommodation,Lyon,1,Marie Dubois,Cancelled,2,5,3352.13,2267.25,EUR
BK-000201,2020-06-07,2020-08-21,2020-08-22,2,Alpine Adventures GmbH,12,TGV Train Booking,Transfer,Multi-city,1,Marie Dubois,Completed,5,0,446.94,344.41,EUR
BK-000202,2020-06-16,2020-07-23,2020-07-24,4,Voyages Lumiere,18,Marseille Port Tour,Tour,Marseille,7,Isabelle Leroy,Completed,3,0,547.11,400.42,EUR
BK-000203,2020-06-12,2020-06-18,2020-06-19,2,Alpine Adventures GmbH,13,Private Car Service,Transfer,Multi-city,4,Jean-Luc Bernard,Completed,6,0,578.32,328.71,EUR
BK-000204,2020-06-25,2020-09-04,2020-09-05,5,Gulf Luxury Travel,9,Lyon Food Tour,Tour,Lyon,2,Pierre Martin,Completed,7,0,741.86,591.04,EUR
BK-000205,2020-06-12,2020-07-01,2020-07-04,17,Andalucia Sun Tours,7,Nice Coastal Tour,Tour,Nice,1,Marie Dubois,Completed,1,3,55.84,40.67,EUR
BK-000206,2020-06-17,2020-08-15,2020-08-16,11,Roma Viaggi SRL,5,Wine Tasting Bordeaux,Tour,Bordeaux,6,Nicolas Petit,Completed,3,1,326.83,230.13,EUR
BK-000207,2020-06-19,2020-08-02,2020-08-05,19,Amazon Corp Travel,17,Strasbourg Christmas Tour,Tour,Strasbourg,5,Camille Moreau,Completed,8,3,1378.9,885.38,EUR
BK-000208,2020-06-14,2020-08-28,2020-08-29,20,Swiss Premium Tours,10,Mont Blanc Excursion,Tour,Chamonix,8,Thomas Roux,Completed,5,0,975.3,727.31,EUR
BK-000209,2020-06-19,2020-07-19,2020-07-20,19,Amazon Corp Travel,2,Airport Transfer,Transfer,Paris,8,Thomas Roux,Completed,3,0,278.72,203.55,EUR
BK-000210,2020-06-13,2020-07-02,2020-07-03,19,Amazon Corp Travel,8,Hotel Promenade Nice,Accommodation,Nice,2,Pierre Martin,Completed,4,1,340.45,213.95,EUR
BK-000211,2020-06-23,2020-07-20,2020-07-23,2,Alpine Adventures GmbH,14,Versailles Day Trip,Tour,Versailles,3,Sophie Laurent,Completed,9,3,729.91,460.76,EUR
BK-000212,2020-06-17,2020-08-05,2020-08-06,15,Horizon Corp Events,11,D-Day Normandy Tour,Tour,Normandy,6,Nicolas Petit,Completed,9,1,928.29,689.72,EUR
BK-000213,2020-06-21,2020-09-18,2020-09-21,7,Beijing Star International,9,Lyon Food Tour,Tour,Lyon,4,Jean-Luc Bernard,Cancelled,5,3,668.56,405.29,EUR
BK-000214,2020-06-10,2020-07-17,2020-07-20,11,Roma Viaggi SRL,7,Nice Coastal Tour,Tour,Nice,8,Thomas Roux,Completed,6,3,804.44,630.38,EUR
BK-000215,2020-06-10,2020-06-26,2020-06-29,13,Direct Client - Walk-in,19,Ski Package Alps,Tour,Chamonix,6,Nicolas Petit,Completed,3,3,280.7,174.57,EUR
BK-000216,2020-06-12,2020-08-08,2020-08-11,7,Beijing Star International,9,Lyon Food Tour,Tour,Lyon,4,Jean-Luc Bernard,Completed,9,3,816.03,563.47,EUR
BK-000217,2020-06-04,2020-08-22,2020-08-23,8,Nordic Explorers AB,19,Ski Package Alps,Tour,Chamonix,1,Marie Dubois,Completed,11,1,2043.55,1239.25,EUR
BK-000218,2020-06-04,2020-07-27,2020-07-30,4,Voyages Lumiere,11,D-Day Normandy Tour,Tour,Normandy,3,Sophie Laurent,Completed,1,3,194.68,154.67,EUR
BK-000219,2020-06-21,2020-08-21,2020-09-01,7,Beijing Star International,16,Hotel Vieux Lyon,Accommodation,Lyon,5,Camille Moreau,Completed,6,11,10366.1,5854.68,EUR
BK-000220,2020-06-21,2020-09-03,2020-09-12,2,Alpine Adventures GmbH,8,Hotel Promenade Nice,Accommodation,Nice,3,Sophie Laurent,Cancelled,7,9,20046.99,11906.85,EUR
BK-000221,2020-06-27,2020-08-17,2020-08-20,10,Seoul Wanderers Co.,16,Hotel Vieux Lyon,Accommodation,Lyon,1,Marie Dubois,Cancelled,1,3,481.7,337.53,EUR
BK-000222,2020-06-11,2020-07-18,2020-07-21,5,Gulf Luxury Travel,15,Provence Lavender Tour,Tour,Provence,8,Thomas Roux,Completed,5,3,394.61,228.15,EUR
BK-000223,2020-07-21,2020-08-23,2020-08-24,11,Roma Viaggi SRL,6,Chateau Stay Bordeaux,Accommodation,Bordeaux,5,Camille Moreau,Completed,10,1,2620.88,1568.05,EUR
BK-000224,2020-07-21,2020-09-11,2020-09-13,3,Pacific Coast Tours,14,Versailles Day Trip,Tour,Versailles,7,Isabelle Leroy,Completed,11,2,707.39,562.67,EUR
BK-000225,2020-07-30,2020-08-31,2020-09-02,13,Direct Client - Walk-in,1,City Walking Tour,Tour,Paris,4,Jean-Luc Bernard,Completed,8,2,1304.51,1028.62,EUR
BK-000226,2020-07-24,2020-10-06,2020-10-08,12,Kiwi Adventures Ltd,1,City Walking Tour,Tour,Paris,4,Jean-Luc Bernard,Completed,1,2,150.17,100.07,EUR
BK-000227,2020-07-22,2020-09-25,2020-09-26,10,Seoul Wanderers Co.,10,Mont Blanc Excursion,Tour,Chamonix,6,Nicolas Petit,Completed,10,0,831.27,656.15,EUR
BK-000228,2020-07-15,2020-10-01,2020-10-02,14,Direct Client - Web,12,TGV Train Booking,Transfer,Multi-city,8,Thomas Roux,Completed,9,0,1136.15,859.38,EUR
BK-000229,2020-07-22,2020-10-07,2020-10-16,15,Horizon Corp Events,3,Hotel Le Marais,Accommodation,Paris,6,Nicolas Petit,Completed,2,9,5897.81,3409.24,EUR
BK-000230,2020-07-29,2020-10-02,2020-10-03,6,Southern Cross Holidays,7,Nice Coastal Tour,Tour,Nice,6,Nicolas Petit,Completed,9,1,1046.48,753.54,EUR
BK-000231,2020-07-16,2020-07-28,2020-07-31,2,Alpine Adventures GmbH,17,Strasbourg Christmas Tour,Tour,Strasbourg,8,Thomas Roux,Completed,3,3,380.96,253.03,EUR
BK-000232,2020-07-15,2020-10-10,2020-10-11,13,Direct Client - Walk-in,10,Mont Blanc Excursion,Tour,Chamonix,5,Camille Moreau,Completed,1,0,161.87,112.43,EUR
BK-000233,2020-07-12,2020-10-10,2020-10-19,2,Alpine Adventures GmbH,3,Hotel Le Marais,Accommodation,Paris,2,Pierre Martin,Completed,8,9,6376.93,4159.14,EUR
BK-000234,2020-07-25,2020-10-16,2020-10-18,13,Direct Client - Walk-in,14,Versailles Day Trip,Tour,Versailles,8,Thomas Roux,Completed,7,2,744.43,536.5,EUR
BK-000235,2020-07-18,2020-08-05,2020-08-06,4,Voyages Lumiere,12,TGV Train Booking,Transfer,Multi-city,3,Sophie Laurent,Cancelled,9,0,694.5,404.09,EUR
BK-000236,2020-07-27,2020-07-28,2020-07-30,15,Horizon Corp Events,1,City Walking Tour,Tour,Paris,7,Isabelle Leroy,Completed,9,2,962.02,584.35,EUR
BK-000237,2020-07-05,2020-08-10,2020-08-11,2,Alpine Adventures GmbH,7,Nice Coastal Tour,Tour,Nice,7,Isabelle Leroy,Completed,10,0,1649.08,1271.34,EUR
BK-000238,2020-07-07,2020-07-16,2020-07-17,15,Horizon Corp Events,4,Seine River Cruise,Tour,Paris,1,Marie Dubois,Completed,4,0,644.32,419.17,EUR
BK-000239,2020-07-07,2020-07-15,2020-07-17,8,Nordic Explorers AB,5,Wine Tasting Bordeaux,Tour,Bordeaux,6,Nicolas Petit,Completed,10,2,1396.88,1003.15,EUR
BK-000240,2020-07-10,2020-07-29,2020-07-30,14,Direct Client - Web,17,Strasbourg Christmas Tour,Tour,Strasbourg,5,Camille Moreau,Cancelled,5,1,295.72,232.77,EUR
BK-000241,2020-07-30,2020-08-22,2020-08-25,2,Alpine Adventures GmbH,14,Versailles Day Trip,Tour,Versailles,6,Nicolas Petit,Completed,11,3,1657.72,1237.41,EUR
BK-000242,2020-07-14,2020-09-05,2020-09-07,13,Direct Client - Walk-in,5,Wine Tasting Bordeaux,Tour,Bordeaux,3,Sophie Laurent,Completed,9,2,1089.25,830.37,EUR
BK-000243,2020-07-23,2020-08-11,2020-08-12,18,Thai Smile Holidays,15,Provence Lavender Tour,Tour,Provence,7,Isabelle Leroy,Completed,7,0,935.15,545.68,EUR
BK-000244,2020-07-07,2020-08-19,2020-08-27,12,Kiwi Adventures Ltd,3,Hotel Le Marais,Accommodation,Paris,2,Pierre Martin,Completed,9,8,19845.93,11860.33,EUR
BK-000245,2020-07-22,2020-10-08,2020-10-09,3,Pacific Coast Tours,20,Hotel Negresco Nice,Accommodation,Nice,4,Jean-Luc Bernard,Completed,10,1,2755.62,1900.59,EUR
BK-000246,2020-07-28,2020-09-09,2020-09-10,7,Beijing Star International,10,Mont Blanc Excursion,Tour,Chamonix,4,Jean-Luc Bernard,Completed,12,0,811.17,648.85,EUR
BK-000247,2020-07-08,2020-10-06,2020-10-18,7,Beijing Star International,20,Hotel Negresco Nice,Accommodation,Nice,7,Isabelle Leroy,Completed,4,12,10994.95,8178.91,EUR
BK-000248,2020-07-18,2020-10-10,2020-10-11,10,Seoul Wanderers Co.,12,TGV Train Booking,Transfer,Multi-city,5,Camille Moreau,Completed,6,0,549.23,370.36,EUR
BK-000249,2020-07-24,2020-09-23,2020-09-24,12,Kiwi Adventures Ltd,11,D-Day Normandy Tour,Tour,Normandy,6,Nicolas Petit,Completed,7,1,398.0,304.88,EUR
BK-000250,2020-07-01,2020-08-04,2020-08-07,10,Seoul Wanderers Co.,18,Marseille Port Tour,Tour,Marseille,3,Sophie Laurent,Completed,4,3,397.92,256.64,EUR
BK-000251,2020-07-16,2020-09-25,2020-09-27,16,Mumbai Getaways Pvt,11,D-Day Normandy Tour,Tour,Normandy,8,Thomas Roux,Completed,8,2,601.88,450.65,EUR
BK-000252,2020-07-24,2020-10-02,2020-10-05,18,Thai Smile Holidays,16,Hotel Vieux Lyon,Accommodation,Lyon,1,Marie Dubois,Cancelled,9,3,2406.58,1833.03,EUR
BK-000253,2020-07-22,2020-07-29,2020-08-01,5,Gulf Luxury Travel,1,City Walking Tour,Tour,Paris,4,Jean-Luc Bernard,Completed,2,3,312.15,172.4,EUR
BK-000254,2020-07-12,2020-07-20,2020-07-31,20,Swiss Premium Tours,20,Hotel Negresco Nice,Accommodation,Nice,8,Thomas Roux,Completed,11,11,25618.2,14132.36,EUR
BK-000255,2020-07-01,2020-07-04,2020-07-06,18,Thai Smile Holidays,17,Strasbourg Christmas Tour,Tour,Strasbourg,5,Camille Moreau,Completed,1,2,125.33,90.8,EUR
BK-000256,2020-07-31,2020-08-23,2020-08-24,17,Andalucia Sun Tours,4,Seine River Cruise,Tour,Paris,3,Sophie Laurent,Completed,4,0,315.16,214.82,EUR
BK-000257,2020-07-09,2020-08-29,2020-09-04,13,Direct Client - Walk-in,3,Hotel Le Marais,Accommodation,Paris,8,Thomas Roux,Completed,10,6,8739.97,6330.44,EUR
BK-000258,2020-07-27,2020-08-07,2020-08-08,3,Pacific Coast Tours,2,Airport Transfer,Transfer,Paris,7,Isabelle Leroy,Completed,7,0,526.82,352.44,EUR
BK-000259,2020-07-23,2020-08-14,2020-08-22,14,Direct Client - Web,3,Hotel Le Marais,Accommodation,Paris,6,Nicolas Petit,Cancelled,10,8,27510.31,21828.33,EUR
BK-000260,2020-07-30,2020-08-05,2020-08-09,19,Amazon Corp Travel,8,Hotel Promenade Nice,Accommodation,Nice,8,Thomas Roux,Cancelled,5,4,1851.43,1052.7,EUR
BK-000261,2020-07-29,2020-10-07,2020-10-08,6,Southern Cross Holidays,19,Ski Package Alps,Tour,Chamonix,6,Nicolas Petit,Completed,1,0,194.22,135.32,EUR
BK-000262,2020-07-23,2020-09-12,2020-09-17,6,Southern Cross Holidays,3,Hotel Le Marais,Accommodation,Paris,4,Jean-Luc Bernard,Cancelled,10,5,15267.78,9882.67,EUR
BK-000263,2020-07-11,2020-08-30,2020-08-31,17,Andalucia Sun Tours,5,Wine Tasting Bordeaux,Tour,Bordeaux,6,Nicolas Petit,Completed,1,0,64.65,39.31,EUR
BK-000264,2020-07-20,2020-10-07,2020-10-14,11,Roma Viaggi SRL,20,Hotel Negresco Nice,Accommodation,Nice,1,Marie Dubois,Completed,11,7,11842.47,9452.03,EUR
BK-000265,2020-07-12,2020-09-21,2020-09-22,14,Direct Client - Web,13,Private Car Service,Transfer,Multi-city,3,Sophie Laurent,Completed,11,0,1103.36,711.69,EUR
BK-000266,2020-07-10,2020-08-11,2020-08-13,9,Maple Leaf Journeys,3,Hotel Le Marais,Accommodation,Paris,3,Sophie Laurent,Completed,7,2,3810.14,2699.39,EUR
BK-000267,2020-07-11,2020-08-27,2020-08-28,1,Sakura Travel Group,4,Seine River Cruise,Tour,Paris,5,Camille Moreau,Completed,8,0,831.9,513.65,EUR
BK-000268,2020-07-06,2020-08-31,2020-09-03,4,Voyages Lumiere,15,Provence Lavender Tour,Tour,Provence,1,Marie Dubois,Completed,2,3,206.17,118.19,EUR
BK-000269,2020-07-11,2020-08-30,2020-09-01,14,Direct Client - Web,1,City Walking Tour,Tour,Paris,7,Isabelle Leroy,Cancelled,2,2,317.45,219.0,EUR
BK-000270,2020-07-08,2020-09-20,2020-09-21,13,Direct Client - Walk-in,17,Strasbourg Christmas Tour,Tour,Strasbourg,3,Sophie Laurent,Completed,3,1,271.01,167.24,EUR
BK-000271,2020-07-06,2020-08-31,2020-09-03,10,Seoul Wanderers Co.,9,Lyon Food Tour,Tour,Lyon,8,Thomas Roux,Completed,2,3,208.34,163.77,EUR
BK-000272,2020-07-16,2020-10-01,2020-10-05,15,Horizon Corp Events,20,Hotel Negresco Nice,Accommodation,Nice,2,Pierre Martin,Completed,3,4,1947.09,1532.76,EUR
BK-000273,2020-07-20,2020-09-07,2020-09-10,11,Roma Viaggi SRL,11,D-Day Normandy Tour,Tour,Normandy,7,Isabelle Leroy,Completed,11,3,2157.47,1260.03,EUR
BK-000274,2020-07-31,2020-10-28,2020-10-31,11,Roma Viaggi SRL,7,Nice Coastal Tour,Tour,Nice,3,Sophie Laurent,Completed,7,3,1367.16,851.55,EUR
BK-000275,2020-07-16,2020-09-28,2020-10-04,13,Direct Client - Walk-in,8,Hotel Promenade Nice,Accommodation,Nice,5,Camille Moreau,Completed,7,6,7499.28,5872.06,EUR
BK-000276,2020-07-18,2020-08-11,2020-08-12,15,Horizon Corp Events,18,Marseille Port Tour,Tour,Marseille,4,Jean-Luc Bernard,Completed,8,0,1357.22,1028.53,EUR
BK-000277,2020-07-28,2020-09-19,2020-09-22,10,Seoul Wanderers Co.,16,Hotel Vieux Lyon,Accommodation,Lyon,4,Jean-Luc Bernard,Completed,5,3,3867.59,2818.73,EUR
BK-000278,2020-07-03,2020-08-30,2020-09-07,19,Amazon Corp Travel,20,Hotel Negresco Nice,Accommodation,Nice,7,Isabelle Leroy,Completed,9,8,15608.55,12176.2,EUR
BK-000279,2020-07-18,2020-07-23,2020-07-24,18,Thai Smile Holidays,12,TGV Train Booking,Transfer,Multi-city,2,Pierre Martin,Completed,2,0,244.55,174.71,EUR
BK-000280,2020-07-21,2020-10-08,2020-10-09,19,Amazon Corp Travel,2,Airport Transfer,Transfer,Paris,7,Isabelle Leroy,Completed,6,0,875.32,575.62,EUR
BK-000281,2020-08-08,2020-10-13,2020-10-14,15,Horizon Corp Events,17,Strasbourg Christmas Tour,Tour,Strasbourg,6,Nicolas Petit,Completed,7,1,836.22,601.99,EUR
BK-000282,2020-08-05,2020-09-19,2020-09-22,4,Voyages Lumiere,1,City Walking Tour,Tour,Paris,5,Camille Moreau,Completed,7,3,1316.57,752.37,EUR
BK-000283,2020-08-24,2020-09-12,2020-09-13,10,Seoul Wanderers Co.,12,TGV Train Booking,Transfer,Multi-city,6,Nicolas Petit,Completed,8,0,992.9,675.45,EUR
BK-000284,2020-08-04,2020-09-30,2020-10-02,3,Pacific Coast Tours,15,Provence Lavender Tour,Tour,Provence,5,Camille Moreau,Completed,1,2,171.53,99.28,EUR
BK-000285,2020-08-21,2020-09-04,2020-09-16,8,Nordic Explorers AB,6,Chateau Stay Bordeaux,Accommodation,Bordeaux,3,Sophie Laurent,Cancelled,9,12,13309.56,9183.09,EUR
BK-000286,2020-08-08,2020-09-29,2020-10-02,14,Direct Client - Web,6,Chateau Stay Bordeaux,Accommodation,Bordeaux,7,Isabelle Leroy,Completed,1,3,837.28,645.35,EUR
BK-000287,2020-08-14,2020-10-03,2020-10-04,7,Beijing Star International,1,City Walking Tour,Tour,Paris,5,Camille Moreau,Completed,12,1,2055.71,1162.79,EUR
BK-000288,2020-08-28,2020-11-05,2020-11-11,11,Roma Viaggi SRL,6,Chateau Stay Bordeaux,Accommodation,Bordeaux,4,Jean-Luc Bernard,Completed,8,6,5316.86,3815.78,EUR
BK-000289,2020-08-31,2020-11-21,2020-11-24,20,Swiss Premium Tours,11,D-Day Normandy Tour,Tour,Normandy,7,Isabelle Leroy,Completed,10,3,671.35,428.32,EUR
BK-000290,2020-08-06,2020-11-01,2020-11-02,5,Gulf Luxury Travel,10,Mont Blanc Excursion,Tour,Chamonix,6,Nicolas Petit,Completed,2,0,171.57,99.38,EUR
BK-000291,2020-08-05,2020-10-10,2020-10-11,14,Direct Client - Web,13,Private Car Service,Transfer,Multi-city,3,Sophie Laurent,Completed,10,0,760.45,453.56,EUR
BK-000292,2020-08-23,2020-11-14,2020-11-23,6,Southern Cross Holidays,6,Chateau Stay Bordeaux,Accommodation,Bordeaux,8,Thomas Roux,Completed,5,9,5304.6,3334.71,EUR
BK-000293,2020-08-02,2020-09-17,2020-09-20,5,Gulf Luxury Travel,1,City Walking Tour,Tour,Paris,4,Jean-Luc Bernard,Completed,7,3,1362.02,921.22,EUR
BK-000294,2020-08-22,2020-10-24,2020-10-27,16,Mumbai Getaways Pvt,14,Versailles Day Trip,Tour,Versailles,3,Sophie Laurent,Completed,2,3,269.62,201.94,EUR
BK-000295,2020-08-02,2020-09-07,2020-09-16,10,Seoul Wanderers Co.,8,Hotel Promenade Nice,Accommodation,Nice,3,Sophie Laurent,Completed,8,9,16756.24,12452.18,EUR
BK-000296,2020-08-17,2020-09-01,2020-09-02,9,Maple Leaf Journeys,19,Ski Package Alps,Tour,Chamonix,6,Nicolas Petit,Completed,9,0,1560.52,874.52,EUR
BK-000297,2020-08-18,2020-09-15,2020-09-16,8,Nordic Explorers AB,14,Versailles Day Trip,Tour,Versailles,5,Camille Moreau,Completed,1,0,117.46,74.84,EUR
BK-000298,2020-08-15,2020-08-31,2020-09-04,19,Amazon Corp Travel,8,Hotel Promenade Nice,Accommodation,Nice,6,Nicolas Petit,Completed,12,4,11748.99,7719.58,EUR
BK-000299,2020-08-26,2020-09-22,2020-09-23,19,Amazon Corp Travel,7,Nice Coastal Tour,Tour,Nice,6,Nicolas Petit,Completed,9,0,829.46,567.92,EUR
BK-000300,2020-08-23,2020-09-30,2020-10-02,17,Andalucia Sun Tours,10,Mont Blanc Excursion,Tour,Chamonix,2,Pierre Martin,Cancelled,3,2,583.25,435.35,EUR
BK-000301,2020-08-09,2020-11-01,2020-11-02,8,Nordic Explorers AB,5,Wine Tasting Bordeaux,Tour,Bordeaux,3,Sophie Laurent,Completed,12,1,1179.77,721.89,EUR
BK-000302,2020-08-13,2020-10-15,2020-10-17,14,Direct Client - Web,5,Wine Tasting Bordeaux,Tour,Bordeaux,7,Isabelle Leroy,Completed,8,2,490.62,367.3,EUR
BK-000303,2020-08-13,2020-10-18,2020-10-20,15,Horizon Corp Events,9,Lyon Food Tour,Tour,Lyon,8,Thomas Roux,Completed,6,2,823.76,632.01,EUR
BK-000304,2020-08-03,2020-10-01,2020-10-02,3,Pacific Coast Tours,12,TGV Train Booking,Transfer,Multi-city,7,Isabelle Leroy,Completed,4,0,584.7,442.16,EUR
BK-000305,2020-08-11,2020-09-17,2020-09-18,19,Amazon Corp Travel,11,D-Day Normandy Tour,Tour,Normandy,8,Thomas Roux,Completed,6,1,1104.74,818.13,EUR
BK-000306,2020-08-21,2020-10-19,2020-10-20,6,Southern Cross Holidays,1,City Walking Tour,Tour,Paris,8,Thomas Roux,Completed,8,0,400.81,316.44,EUR
BK-000307,2020-08-23,2020-09-09,2020-09-10,9,Maple Leaf Journeys,10,Mont Blanc Excursion,Tour,Chamonix,2,Pierre Martin,Completed,11,1,1144.72,653.18,EUR
BK-000308,2020-08-21,2020-09-12,2020-09-13,13,Direct Client - Walk-in,2,Airport Transfer,Transfer,Paris,5,Camille Moreau,Completed,12,0,1367.2,831.99,EUR
BK-000309,2020-08-23,2020-09-05,2020-09-06,16,Mumbai Getaways Pvt,1,City Walking Tour,Tour,Paris,2,Pierre Martin,Completed,3,1,417.16,283.61,EUR
BK-000310,2020-08-01,2020-10-30,2020-10-31,14,Direct Client - Web,11,D-Day Normandy Tour,Tour,Normandy,3,Sophie Laurent,Completed,8,0,484.99,313.19,EUR
BK-000311,2020-08-04,2020-08-18,2020-08-20,10,Seoul Wanderers Co.,11,D-Day Normandy Tour,Tour,Normandy,3,Sophie Laurent,Completed,7,2,1162.13,857.99,EUR
BK-000312,2020-08-22,2020-09-10,2020-09-19,19,Amazon Corp Travel,3,Hotel Le Marais,Accommodation,Paris,1,Marie Dubois,Completed,10,9,22995.49,15177.59,EUR
BK-000313,2020-08-21,2020-09-10,2020-09-13,7,Beijing Star International,14,Versailles Day Trip,Tour,Versailles,2,Pierre Martin,Completed,2,3,142.0,82.47,EUR
BK-000314,2020-08-12,2020-10-06,2020-10-07,8,Nordic Explorers AB,11,D-Day Normandy Tour,Tour,Normandy,5,Camille Moreau,Completed,11,1,689.01,474.28,EUR
BK-000315,2020-08-20,2020-09-26,2020-09-28,7,Beijing Star International,1,City Walking Tour,Tour,Paris,4,Jean-Luc Bernard,Completed,12,2,1305.15,928.67,EUR
BK-000316,2020-08-26,2020-09-26,2020-10-03,4,Voyages Lumiere,16,Hotel Vieux Lyon,Accommodation,Lyon,4,Jean-Luc Bernard,Cancelled,8,7,14127.8,8021.1,EUR
BK-000317,2020-08-01,2020-09-17,2020-09-18,13,Direct Client - Walk-in,11,D-Day Normandy Tour,Tour,Normandy,7,Isabelle Leroy,Completed,6,1,791.72,469.64,EUR
BK-000318,2020-08-25,2020-09-04,2020-09-05,1,Sakura Travel Group,1,City Walking Tour,Tour,Paris,5,Camille Moreau,Completed,4,0,223.9,126.53,EUR
BK-000319,2020-08-17,2020-09-23,2020-09-26,14,Direct Client - Web,17,Strasbourg Christmas Tour,Tour,Strasbourg,7,Isabelle Leroy,Completed,2,3,292.16,199.96,EUR
BK-000320,2020-08-03,2020-09-12,2020-09-21,7,Beijing Star International,3,Hotel Le Marais,Accommodation,Paris,3,Sophie Laurent,Completed,9,9,13626.03,9492.02,EUR
BK-000321,2020-08-21,2020-11-17,2020-11-22,14,Direct Client - Web,3,Hotel Le Marais,Accommodation,Paris,4,Jean-Luc Bernard,Completed,1,5,730.05,570.28,EUR
BK-000322,2020-08-20,2020-11-06,2020-11-07,10,Seoul Wanderers Co.,2,Airport Transfer,Transfer,Paris,3,Sophie Laurent,Completed,2,0,63.04,36.83,EUR
BK-000323,2020-08-16,2020-09-30,2020-10-02,6,Southern Cross Holidays,17,Strasbourg Christmas Tour,Tour,Strasbourg,6,Nicolas Petit,Completed,3,2,487.4,374.5,EUR
BK-000324,2020-08-04,2020-08-08,2020-08-11,9,Maple Leaf Journeys,11,D-Day Normandy Tour,Tour,Normandy,2,Pierre Martin,Completed,5,3,784.24,544.39,EUR
BK-000325,2020-09-17,2020-11-03,2020-11-04,16,Mumbai Getaways Pvt,2,Airport Transfer,Transfer,Paris,3,Sophie Laurent,Cancelled,6,0,293.26,217.99,EUR
BK-000326,2020-09-22,2020-10-07,2020-10-19,17,Andalucia Sun Tours,8,Hotel Promenade Nice,Accommodation,Nice,1,Marie Dubois,Completed,1,12,3742.15,2069.68,EUR
BK-000327,2020-09-12,2020-11-01,2020-11-02,2,Alpine Adventures GmbH,5,Wine Tasting Bordeaux,Tour,Bordeaux,7,Isabelle Leroy,Completed,4,1,393.08,257.1,EUR
BK-000328,2020-09-09,2020-09-19,2020-09-21,4,Voyages Lumiere,19,Ski Package Alps,Tour,Chamonix,1,Marie Dubois,Completed,3,2,250.43,170.03,EUR
BK-000329,2020-09-13,2020-09-22,2020-09-24,10,Seoul Wanderers Co.,15,Provence Lavender Tour,Tour,Provence,6,Nicolas Petit,Completed,2,2,265.93,146.79,EUR
BK-000330,2020-09-19,2020-10-28,2020-11-01,15,Horizon Corp Events,20,Hotel Negresco Nice,Accommodation,Nice,6,Nicolas Petit,Completed,10,4,13696.06,10949.27,EUR
BK-000331,2020-09-24,2020-12-03,2020-12-06,1,Sakura Travel Group,8,Hotel Promenade Nice,Accommodation,Nice,7,Isabelle Leroy,Completed,1,3,428.73,272.93,EUR
BK-000332,2020-09-29,2020-10-01,2020-10-02,13,Direct Client - Walk-in,11,D-Day Normandy Tour,Tour,Normandy,5,Camille Moreau,Completed,2,0,161.56,128.57,EUR
BK-000333,2020-09-02,2020-09-21,2020-09-22,2,Alpine Adventures GmbH,9,Lyon Food Tour,Tour,Lyon,4,Jean-Luc Bernard,Completed,9,0,1007.63,779.8,EUR
BK-000334,2020-09-24,2020-10-05,2020-10-06,17,Andalucia Sun Tours,19,Ski Package Alps,Tour,Chamonix,3,Sophie Laurent,Completed,11,0,1902.94,1082.22,EUR
BK-000335,2020-09-14,2020-12-08,2020-12-09,10,Seoul Wanderers Co.,5,Wine Tasting Bordeaux,Tour,Bordeaux,5,Camille Moreau,Completed,6,1,1133.44,734.74,EUR
BK-000336,2020-09-11,2020-10-22,2020-10-24,8,Nordic Explorers AB,15,Provence Lavender Tour,Tour,Provence,2,Pierre Martin,Completed,4,2,281.67,209.15,EUR
BK-000337,2020-09-04,2020-09-26,2020-09-29,11,Roma Viaggi SRL,15,Provence Lavender Tour,Tour,Provence,7,Isabelle Leroy,Completed,2,3,260.78,206.32,EUR
BK-000338,2020-09-10,2020-11-09,2020-11-10,3,Pacific Coast Tours,9,Lyon Food Tour,Tour,Lyon,3,Sophie Laurent,Completed,11,0,1051.95,763.9,EUR
BK-000339,2020-09-07,2020-10-19,2020-10-20,8,Nordic Explorers AB,5,Wine Tasting Bordeaux,Tour,Bordeaux,6,Nicolas Petit,Completed,7,0,889.13,639.55,EUR
BK-000340,2020-09-06,2020-09-10,2020-09-11,15,Horizon Corp Events,13,Private Car Service,Transfer,Multi-city,4,Jean-Luc Bernard,Completed,2,0,170.89,128.33,EUR
BK-000341,2020-09-01,2020-09-09,2020-09-12,7,Beijing Star International,8,Hotel Promenade Nice,Accommodation,Nice,7,Isabelle Leroy,Completed,6,3,4775.35,3745.75,EUR
BK-000342,2020-09-19,2020-10-23,2020-10-24,3,Pacific Coast Tours,3,Hotel Le Marais,Accommodation,Paris,4,Jean-Luc Bernard,Cancelled,11,1,2196.99,1279.08,EUR
BK-000343,2020-09-27,2020-11-09,2020-11-10,15,Horizon Corp Events,4,Seine River Cruise,Tour,Paris,1,Marie Dubois,Completed,3,0,565.86,372.5,EUR
BK-000344,2020-09-16,2020-09-20,2020-09-21,14,Direct Client - Web,13,Private Car Service,Transfer,Multi-city,3,Sophie Laurent,Completed,6,0,334.6,199.69,EUR
BK-000345,2020-09-29,2020-10-19,2020-10-20,20,Swiss Premium Tours,2,Airport Transfer,Transfer,Paris,4,Jean-Luc Bernard,Completed,11,0,719.54,469.86,EUR
BK-000346,2020-09-02,2020-09-14,2020-09-17,5,Gulf Luxury Travel,9,Lyon Food Tour,Tour,Lyon,7,Isabelle Leroy,Completed,4,3,585.59,438.78,EUR
BK-000347,2020-09-26,2020-12-05,2020-12-08,12,Kiwi Adventures Ltd,1,City Walking Tour,Tour,Paris,8,Thomas Roux,Completed,9,3,1504.94,957.15,EUR
BK-000348,2020-09-11,2020-10-31,2020-11-01,1,Sakura Travel Group,9,Lyon Food Tour,Tour,Lyon,6,Nicolas Petit,Completed,10,1,828.53,641.23,EUR
BK-000349,2020-09-02,2020-11-02,2020-11-04,19,Amazon Corp Travel,17,Strasbourg Christmas Tour,Tour,Strasbourg,4,Jean-Luc Bernard,Completed,3,2,195.06,139.31,EUR
BK-000350,2020-09-27,2020-10-05,2020-10-15,13,Direct Client - Walk-in,8,Hotel Promenade Nice,Accommodation,Nice,6,Nicolas Petit,Completed,3,10,3826.41,2671.33,EUR
BK-000351,2020-09-23,2020-11-08,2020-11-09,12,Kiwi Adventures Ltd,19,Ski Package Alps,Tour,Chamonix,3,Sophie Laurent,Completed,10,0,1922.55,1459.55,EUR
BK-000352,2020-09-16,2020-11-25,2020-11-26,16,Mumbai Getaways Pvt,10,Mont Blanc Excursion,Tour,Chamonix,1,Marie Dubois,Completed,2,1,116.85,81.84,EUR
BK-000353,2020-09-16,2020-09-17,2020-09-18,5,Gulf Luxury Travel,11,D-Day Normandy Tour,Tour,Normandy,6,Nicolas Petit,Cancelled,12,1,919.43,690.13,EUR
BK-000354,2020-09-02,2020-09-05,2020-09-06,4,Voyages Lumiere,5,Wine Tasting Bordeaux,Tour,Bordeaux,6,Nicolas Petit,Completed,2,1,212.08,166.58,EUR
BK-000355,2020-09-04,2020-10-18,2020-10-20,5,Gulf Luxury Travel,10,Mont Blanc Excursion,Tour,Chamonix,3,Sophie Laurent,Cancelled,12,2,2307.65,1726.03,EUR
BK-000356,2020-09-21,2020-11-01,2020-11-13,18,Thai Smile Holidays,6,Chateau Stay Bordeaux,Accommodation,Bordeaux,6,Nicolas Petit,Completed,4,12,12465.29,9394.01,EUR
BK-000357,2020-09-24,2020-12-22,2020-12-23,6,Southern Cross Holidays,10,Mont Blanc Excursion,Tour,Chamonix,1,Marie Dubois,Cancelled,12,1,2307.66,1495.13,EUR
BK-000358,2020-09-19,2020-09-24,2020-10-04,11,Roma Viaggi SRL,6,Chateau Stay Bordeaux,Accommodation,Bordeaux,4,Jean-Luc Bernard,Completed,11,10,25596.84,20072.32,EUR
BK-000359,2020-09-24,2020-10-04,2020-10-10,11,Roma Viaggi SRL,8,Hotel Promenade Nice,Accommodation,Nice,3,Sophie Laurent,Completed,11,6,21056.41,12048.09,EUR
BK-000360,2020-09-21,2020-11-03,2020-11-04,9,Maple Leaf Journeys,15,Provence Lavender Tour,Tour,Provence,4,Jean-Luc Bernard,Completed,4,0,615.91,392.72,EUR
BK-000361,2020-09-24,2020-09-25,2020-09-26,13,Direct Client - Walk-in,2,Airport Transfer,Transfer,Paris,8,Thomas Roux,Completed,12,0,964.3,570.47,EUR
BK-000362,2020-09-29,2020-11-17,2020-11-18,18,Thai Smile Holidays,12,TGV Train Booking,Transfer,Multi-city,7,Isabelle Leroy,Completed,2,0,258.91,193.45,EUR
BK-000363,2020-09-25,2020-12-22,2020-12-25,15,Horizon Corp Events,8,Hotel Promenade Nice,Accommodation,Nice,2,Pierre Martin,Cancelled,1,3,478.88,301.54,EUR
BK-000364,2020-09-03,2020-10-17,2020-10-24,6,Southern Cross Holidays,6,Chateau Stay Bordeaux,Accommodation,Bordeaux,2,Pierre Martin,Completed,9,7,21060.6,16732.87,EUR
BK-000365,2020-09-20,2020-11-21,2020-11-24,6,Southern Cross Holidays,1,City Walking Tour,Tour,Paris,7,Isabelle Leroy,Cancelled,3,3,174.1,110.17,EUR
BK-000366,2020-09-14,2020-12-13,2020-12-15,10,Seoul Wanderers Co.,18,Marseille Port Tour,Tour,Marseille,5,Camille Moreau,Completed,4,2,257.55,166.95,EUR
BK-000367,2020-09-16,2020-10-06,2020-10-07,12,Kiwi Adventures Ltd,2,Airport Transfer,Transfer,Paris,1,Marie Dubois,Completed,7,0,283.61,214.4,EUR
BK-000368,2020-10-07,2020-10-20,2020-10-21,6,Southern Cross Holidays,1,City Walking Tour,Tour,Paris,5,Camille Moreau,Completed,2,1,242.07,140.13,EUR
BK-000369,2020-10-16,2020-12-18,2020-12-19,18,Thai Smile Holidays,9,Lyon Food Tour,Tour,Lyon,7,Isabelle Leroy,Completed,3,0,316.96,204.55,EUR
BK-000370,2020-10-02,2020-11-05,2020-11-08,9,Maple Leaf Journeys,15,Provence Lavender Tour,Tour,Provence,4,Jean-Luc Bernard,Completed,5,3,673.18,395.68,EUR
BK-000371,2020-10-04,2020-10-15,2020-10-16,18,Thai Smile Holidays,12,TGV Train Booking,Transfer,Multi-city,7,Isabelle Leroy,Completed,10,0,573.02,323.9,EUR
BK-000372,2020-10-17,2020-12-10,2020-12-13,19,Amazon Corp Travel,18,Marseille Port Tour,Tour,Marseille,4,Jean-Luc Bernard,Cancelled,8,3,758.62,492.12,EUR
BK-000373,2020-10-02,2020-12-06,2020-12-07,4,Voyages Lumiere,19,Ski Package Alps,Tour,Chamonix,8,Thomas Roux,Completed,3,1,577.08,341.51,EUR
BK-000374,2020-10-07,2020-10-24,2020-10-25,14,Direct Client - Web,2,Airport Transfer,Transfer,Paris,2,Pierre Martin,Completed,11,0,904.72,723.16,EUR
BK-000375,2020-10-27,2021-01-12,2021-01-14,3,Pacific Coast Tours,9,Lyon Food Tour,Tour,Lyon,2,Pierre Martin,Cancelled,7,2,934.18,642.73,EUR
BK-000376,2020-10-17,2020-12-15,2020-12-18,4,Voyages Lumiere,1,City Walking Tour,Tour,Paris,7,Isabelle Leroy,Completed,3,3,216.69,151.03,EUR
BK-000377,2020-10-31,2020-11-13,2020-11-14,10,Seoul Wanderers Co.,4,Seine River Cruise,Tour,Paris,6,Nicolas Petit,Completed,7,0,627.34,447.73,EUR
BK-000378,2020-10-16,2020-10-21,2020-10-26,13,Direct Client - Walk-in,6,Chateau Stay Bordeaux,Accommodation,Bordeaux,3,Sophie Laurent,Completed,10,5,12216.85,8837.86,EUR
BK-000379,2020-10-29,2020-12-11,2020-12-12,16,Mumbai Getaways Pvt,8,Hotel Promenade Nice,Accommodation,Nice,5,Camille Moreau,Completed,6,1,512.78,386.81,EUR
BK-000380,2020-10-09,2020-12-11,2020-12-12,5,Gulf Luxury Travel,4,Seine River Cruise,Tour,Paris,5,Camille Moreau,Completed,12,1,1397.6,1057.22,EUR
BK-000381,2020-10-14,2020-12-31,2021-01-04,15,Horizon Corp Events,3,Hotel Le Marais,Accommodation,Paris,4,Jean-Luc Bernard,Cancelled,7,4,7841.54,5801.75,EUR
BK-000382,2020-10-27,2020-11-04,2020-11-05,3,Pacific Coast Tours,17,Strasbourg Christmas Tour,Tour,Strasbourg,5,Camille Moreau,Cancelled,12,1,1512.23,883.01,EUR
BK-000383,2020-10-29,2021-01-10,2021-01-11,7,Beijing Star International,1,City Walking Tour,Tour,Paris,4,Jean-Luc Bernard,Cancelled,1,1,87.42,58.06,EUR
BK-000384,2020-10-23,2020-11-18,2020-11-20,15,Horizon Corp Events,9,Lyon Food Tour,Tour,Lyon,7,Isabelle Leroy,Completed,11,2,2073.07,1493.22,EUR
BK-000385,2020-10-16,2021-01-01,2021-01-02,16,Mumbai Getaways Pvt,15,Provence Lavender Tour,Tour,Provence,6,Nicolas Petit,Completed,6,1,447.16,345.93,EUR
BK-000386,2020-10-23,2020-11-04,2020-11-05,13,Direct Client - Walk-in,10,Mont Blanc Excursion,Tour,Chamonix,1,Marie Dubois,Completed,3,0,534.22,397.97,EUR
BK-000387,2020-10-08,2020-12-30,2021-01-10,7,Beijing Star International,8,Hotel Promenade Nice,Accommodation,Nice,5,Camille Moreau,Completed,11,11,23058.6,12797.82,EUR
BK-000388,2020-10-25,2021-01-21,2021-01-24,5,Gulf Luxury Travel,1,City Walking Tour,Tour,Paris,3,Sophie Laurent,Completed,10,3,1701.3,1030.89,EUR
BK-000389,2020-10-31,2020-12-10,2020-12-13,13,Direct Client - Walk-in,9,Lyon Food Tour,Tour,Lyon,6,Nicolas Petit,Completed,8,3,702.4,468.27,EUR
BK-000390,2020-10-27,2021-01-15,2021-01-16,19,Amazon Corp Travel,13,Private Car Service,Transfer,Multi-city,2,Pierre Martin,Completed,1,0,91.38,65.39,EUR
BK-000391,2020-10-12,2020-12-23,2021-01-02,10,Seoul Wanderers Co.,20,Hotel Negresco Nice,Accommodation,Nice,5,Camille Moreau,Cancelled,11,10,12010.7,6797.57,EUR
BK-000392,2020-10-21,2020-12-02,2020-12-04,10,Seoul Wanderers Co.,9,Lyon Food Tour,Tour,Lyon,4,Jean-Luc Bernard,Completed,3,2,382.78,233.52,EUR
BK-000393,2020-10-28,2021-01-13,2021-01-14,11,Roma Viaggi SRL,13,Private Car Service,Transfer,Multi-city,3,Sophie Laurent,Completed,12,0,396.66,267.48,EUR
BK-000394,2020-10-30,2020-12-23,2020-12-24,13,Direct Client - Walk-in,13,Private Car Service,Transfer,Multi-city,1,Marie Dubois,Completed,10,0,1149.68,796.74,EUR
BK-000395,2020-10-24,2020-11-22,2020-11-25,12,Kiwi Adventures Ltd,18,Marseille Port Tour,Tour,Marseille,5,Camille Moreau,Completed,3,3,528.29,406.32,EUR
BK-000396,2020-10-04,2020-12-04,2020-12-06,18,Thai Smile Holidays,5,Wine Tasting Bordeaux,Tour,Bordeaux,3,Sophie Laurent,Completed,11,2,2034.33,1451.72,EUR
BK-000397,2020-10-08,2020-11-17,2020-11-19,12,Kiwi Adventures Ltd,14,Versailles Day Trip,Tour,Versailles,5,Camille Moreau,Completed,10,2,941.08,717.86,EUR
BK-000398,2020-10-28,2021-01-18,2021-01-19,16,Mumbai Getaways Pvt,19,Ski Package Alps,Tour,Chamonix,4,Jean-Luc Bernard,Completed,9,0,611.75,440.57,EUR
BK-000399,2020-10-14,2020-10-21,2020-10-22,7,Beijing Star International,5,Wine Tasting Bordeaux,Tour,Bordeaux,6,Nicolas Petit,Cancelled,7,1,1386.55,1072.1,EUR
BK-000400,2020-10-05,2020-11-15,2020-11-28,3,Pacific Coast Tours,6,Chateau Stay Bordeaux,Accommodation,Bordeaux,8,Thomas Roux,Completed,6,13,19529.55,11604.58,EUR
BK-000401,2020-10-01,2020-11-28,2020-11-29,6,Southern Cross Holidays,9,Lyon Food Tour,Tour,Lyon,3,Sophie Laurent,Completed,8,1,1342.25,999.89,EUR
BK-000402,2020-10-14,2021-01-04,2021-01-07,14,Direct Client - Web,14,Versailles Day Trip,Tour,Versailles,8,Thomas Roux,Completed,7,3,354.9,242.55,EUR
BK-000403,2020-10-31,2020-11-02,2020-11-03,1,Sakura Travel Group,11,D-Day Normandy Tour,Tour,Normandy,1,Marie Dubois,Cancelled,11,1,1760.45,1067.83,EUR
BK-000404,2020-10-10,2020-10-27,2020-10-30,17,Andalucia Sun Tours,4,Seine River Cruise,Tour,Paris,5,Camille Moreau,Cancelled,3,3,179.38,100.71,EUR
BK-000405,2020-11-24,2021-01-30,2021-02-08,11,Roma Viaggi SRL,20,Hotel Negresco Nice,Accommodation,Nice,7,Isabelle Leroy,Cancelled,11,9,34528.98,21949.49,EUR
BK-000406,2020-11-12,2020-12-07,2020-12-20,13,Direct Client - Walk-in,6,Chateau Stay Bordeaux,Accommodation,Bordeaux,1,Marie Dubois,Completed,4,13,7309.47,5819.95,EUR
BK-000407,2020-11-01,2021-01-16,2021-01-17,4,Voyages Lumiere,17,Strasbourg Christmas Tour,Tour,Strasbourg,6,Nicolas Petit,Cancelled,12,1,1770.97,990.58,EUR
BK-000408,2020-11-09,2021-01-17,2021-01-18,20,Swiss Premium Tours,20,Hotel Negresco Nice,Accommodation,Nice,1,Marie Dubois,Completed,11,1,1201.1,911.67,EUR
BK-000409,2020-11-04,2020-12-28,2020-12-31,4,Voyages Lumiere,15,Provence Lavender Tour,Tour,Provence,5,Camille Moreau,Completed,8,3,1242.24,747.05,EUR
BK-000410,2020-11-01,2020-12-10,2020-12-11,17,Andalucia Sun Tours,14,Versailles Day Trip,Tour,Versailles,5,Camille Moreau,Completed,10,0,1408.45,822.94,EUR
BK-000411,2020-11-04,2021-01-09,2021-01-11,10,Seoul Wanderers Co.,20,Hotel Negresco Nice,Accommodation,Nice,2,Pierre Martin,Completed,2,2,857.56,602.22,EUR
BK-000412,2020-11-27,2021-02-02,2021-02-04,14,Direct Client - Web,7,Nice Coastal Tour,Tour,Nice,5,Camille Moreau,Completed,3,2,167.73,113.06,EUR
BK-000413,2020-11-30,2021-01-31,2021-02-01,1,Sakura Travel Group,11,D-Day Normandy Tour,Tour,Normandy,1,Marie Dubois,Completed,11,1,696.85,402.51,EUR
BK-000414,2020-11-16,2020-12-06,2020-12-19,17,Andalucia Sun Tours,3,Hotel Le Marais,Accommodation,Paris,2,Pierre Martin,Completed,12,13,42957.03,33343.03,EUR
BK-000415,2020-11-15,2020-12-23,2020-12-26,2,Alpine Adventures GmbH,9,Lyon Food Tour,Tour,Lyon,2,Pierre Martin,Completed,3,3,543.36,414.62,EUR
BK-000416,2020-11-22,2021-01-02,2021-01-03,4,Voyages Lumiere,14,Versailles Day Trip,Tour,Versailles,1,Marie Dubois,Completed,1,0,177.8,127.28,EUR
BK-000417,2020-11-12,2021-01-08,2021-01-13,3,Pacific Coast Tours,20,Hotel Negresco Nice,Accommodation,Nice,6,Nicolas Petit,Cancelled,6,5,3881.24,2523.56,EUR
BK-000418,2020-11-09,2020-12-29,2021-01-11,14,Direct Client - Web,16,Hotel Vieux Lyon,Accommodation,Lyon,3,Sophie Laurent,Cancelled,2,13,3010.23,2202.29,EUR
BK-000419,2020-11-28,2020-12-19,2020-12-22,19,Amazon Corp Travel,4,Seine River Cruise,Tour,Paris,8,Thomas Roux,Completed,10,3,1517.59,903.44,EUR
BK-000420,2020-11-12,2021-01-30,2021-01-31,16,Mumbai Getaways Pvt,1,City Walking Tour,Tour,Paris,8,Thomas Roux,Completed,2,1,366.28,241.81,EUR
BK-000421,2020-11-21,2021-01-01,2021-01-02,11,Roma Viaggi SRL,1,City Walking Tour,Tour,Paris,2,Pierre Martin,Completed,7,1,1044.8,639.57,EUR
BK-000422,2020-11-22,2021-02-13,2021-02-14,5,Gulf Luxury Travel,13,Private Car Service,Transfer,Multi-city,1,Marie Dubois,Completed,1,0,107.21,63.17,EUR
BK-000423,2020-11-28,2021-01-31,2021-02-02,16,Mumbai Getaways Pvt,6,Chateau Stay Bordeaux,Accommodation,Bordeaux,6,Nicolas Petit,Completed,4,2,1354.73,839.31,EUR
BK-000424,2020-11-18,2021-02-09,2021-02-10,13,Direct Client - Walk-in,13,Private Car Service,Transfer,Multi-city,4,Jean-Luc Bernard,Completed,2,0,170.18,127.69,EUR
BK-000425,2020-11-28,2021-01-31,2021-02-02,4,Voyages Lumiere,15,Provence Lavender Tour,Tour,Provence,8,Thomas Roux,Completed,12,2,1776.07,1022.41,EUR
BK-000426,2020-11-18,2021-01-28,2021-01-29,20,Swiss Premium Tours,1,City Walking Tour,Tour,Paris,5,Camille Moreau,Completed,9,0,1209.15,862.91,EUR
BK-000427,2020-11-11,2020-12-28,2020-12-29,8,Nordic Explorers AB,2,Airport Transfer,Transfer,Paris,8,Thomas Roux,Completed,6,0,583.31,411.2,EUR
BK-000428,2020-11-22,2021-01-08,2021-01-09,4,Voyages Lumiere,15,Provence Lavender Tour,Tour,Provence,4,Jean-Luc Bernard,Cancelled,1,0,101.2,76.66,EUR
BK-000429,2020-11-10,2021-01-20,2021-01-22,4,Voyages Lumiere,17,Strasbourg Christmas Tour,Tour,Strasbourg,1,Marie Dubois,Completed,3,2,371.59,280.72,EUR
BK-000430,2020-12-04,2021-01-06,2021-01-10,7,Beijing Star International,20,Hotel Negresco Nice,Accommodation,Nice,2,Pierre Martin,Completed,7,4,3869.86,2926.15,EUR
BK-000431,2020-12-11,2020-12-25,2020-12-26,19,Amazon Corp Travel,14,Versailles Day Trip,Tour,Versailles,2,Pierre Martin,Completed,8,0,948.87,661.67,EUR
BK-000432,2020-12-31,2021-03-05,2021-03-06,18,Thai Smile Holidays,1,City Walking Tour,Tour,Paris,7,Isabelle Leroy,Cancelled,10,0,1224.4,829.02,EUR
BK-000433,2020-12-06,2021-03-05,2021-03-06,5,Gulf Luxury Travel,19,Ski Package Alps,Tour,Chamonix,2,Pierre Martin,Completed,7,1,1040.4,729.88,EUR
BK-000434,2020-12-29,2021-02-17,2021-02-18,9,Maple Leaf Journeys,14,Versailles Day Trip,Tour,Versailles,7,Isabelle Leroy,Completed,6,1,1173.44,778.24,EUR
BK-000435,2020-12-14,2021-03-02,2021-03-04,18,Thai Smile Holidays,17,Strasbourg Christmas Tour,Tour,Strasbourg,6,Nicolas Petit,Completed,12,2,1926.27,1326.04,EUR
BK-000436,2020-12-07,2021-02-25,2021-02-27,5,Gulf Luxury Travel,10,Mont Blanc Excursion,Tour,Chamonix,3,Sophie Laurent,Completed,9,2,1182.36,838.55,EUR
BK-000437,2020-12-25,2021-02-09,2021-02-12,19,Amazon Corp Travel,18,Marseille Port Tour,Tour,Marseille,7,Isabelle Leroy,Completed,11,3,1783.98,1356.44,EUR
BK-000438,2020-12-28,2021-02-21,2021-02-22,1,Sakura Travel Group,1,City Walking Tour,Tour,Paris,7,Isabelle Leroy,Completed,3,0,173.88,98.09,EUR
BK-000439,2020-12-26,2021-01-16,2021-01-18,5,Gulf Luxury Travel,10,Mont Blanc Excursion,Tour,Chamonix,1,Marie Dubois,Completed,12,2,2011.84,1209.12,EUR
BK-000440,2020-12-12,2021-02-08,2021-02-09,18,Thai Smile Holidays,4,Seine River Cruise,Tour,Paris,7,Isabelle Leroy,Completed,4,1,506.55,379.51,EUR
BK-000441,2020-12-23,2021-03-19,2021-03-20,13,Direct Client - Walk-in,2,Airport Transfer,Transfer,Paris,7,Isabelle Leroy,Completed,7,0,1013.63,804.78,EUR
BK-000442,2020-12-18,2020-12-25,2020-12-27,7,Beijing Star International,1,City Walking Tour,Tour,Paris,8,Thomas Roux,Completed,4,2,746.89,542.36,EUR
BK-000443,2020-12-25,2021-03-11,2021-03-12,7,Beijing Star International,18,Marseille Port Tour,Tour,Marseille,5,Camille Moreau,Completed,8,1,612.91,441.7,EUR
BK-000444,2020-12-06,2021-02-10,2021-02-13,2,Alpine Adventures GmbH,4,Seine River Cruise,Tour,Paris,7,Isabelle Leroy,Completed,5,3,667.45,388.8,EUR
BK-000445,2020-12-09,2020-12-10,2020-12-13,5,Gulf Luxury Travel,11,D-Day Normandy Tour,Tour,Normandy,1,Marie Dubois,Completed,3,3,567.88,397.07,EUR
BK-000446,2020-12-21,2021-03-10,2021-03-13,19,Amazon Corp Travel,10,Mont Blanc Excursion,Tour,Chamonix,6,Nicolas Petit,Completed,2,3,335.21,211.0,EUR
BK-000447,2020-12-06,2021-02-11,2021-02-24,17,Andalucia Sun Tours,3,Hotel Le Marais,Accommodation,Paris,3,Sophie Laurent,Completed,7,13,20623.48,13422.88,EUR
BK-000448,2020-12-29,2021-01-26,2021-01-28,12,Kiwi Adventures Ltd,11,D-Day Normandy Tour,Tour,Normandy,5,Camille Moreau,Completed,4,2,770.18,542.65,EUR
BK-000449,2020-12-18,2021-03-12,2021-03-13,12,Kiwi Adventures Ltd,1,City Walking Tour,Tour,Paris,8,Thomas Roux,Completed,4,0,742.7,522.43,EUR
BK-000450,2020-12-31,2021-01-06,2021-01-09,4,Voyages Lumiere,11,D-Day Normandy Tour,Tour,Normandy,7,Isabelle Leroy,Cancelled,5,3,655.18,406.67,EUR
BK-000451,2020-12-27,2021-02-13,2021-02-16,16,Mumbai Getaways Pvt,17,Strasbourg Christmas Tour,Tour,Strasbourg,1,Marie Dubois,Completed,5,3,923.71,552.5,EUR
BK-000452,2020-12-31,2021-01-13,2021-01-26,18,Thai Smile Holidays,6,Chateau Stay Bordeaux,Accommodation,Bordeaux,1,Marie Dubois,Completed,11,13,13967.87,10023.12,EUR
BK-000453,2020-12-28,2021-03-26,2021-03-27,7,Beijing Star International,14,Versailles Day Trip,Tour,Versailles,7,Isabelle Leroy,Completed,11,0,1897.64,1077.92,EUR
BK-000454,2020-12-01,2021-01-29,2021-01-30,3,Pacific Coast Tours,11,D-Day Normandy Tour,Tour,Normandy,2,Pierre Martin,Completed,1,0,76.7,47.02,EUR
BK-000455,2020-12-27,2021-01-26,2021-01-29,13,Direct Client - Walk-in,9,Lyon Food Tour,Tour,Lyon,8,Thomas Roux,Completed,11,3,1217.34,765.83,EUR
BK-000456,2020-12-04,2021-02-11,2021-02-12,19,Amazon Corp Travel,1,City Walking Tour,Tour,Paris,1,Marie Dubois,Completed,12,0,2126.85,1359.96,EUR
BK-000457,2020-12-10,2021-03-08,2021-03-09,10,Seoul Wanderers Co.,10,Mont Blanc Excursion,Tour,Chamonix,8,Thomas Roux,Completed,7,0,764.87,547.02,EUR
